id,relation,source,target
1303,r_cert,Domain_bab7738855aebe08106629db55cc37bbab6032d0c83e0b50545f7fadad00a7fb,Cert_fe794a69eacd63b21245bf4eda826222fc6c5862bebf77aa05459cb308cfd063
1374,r_cert,Domain_1af571b08126316100c5881d0b6e2dc7e349572d3dc30623d117b6ba1e604f69,Cert_fe794a69eacd63b21245bf4eda826222fc6c5862bebf77aa05459cb308cfd063
1375,r_cert,Domain_3463c4d7394dd9ed9e0bcafeaed3cf8691dc7dac01cbe3e84bba8391d93a7b38,Cert_fe794a69eacd63b21245bf4eda826222fc6c5862bebf77aa05459cb308cfd063
1493,r_dns_a,Domain_bab7738855aebe08106629db55cc37bbab6032d0c83e0b50545f7fadad00a7fb,IP_6b5f6087ab963dd71a6c4aabbe593a953690cb156ed87bb84e13499ab1866fe9
1497,r_subdomain,Domain_bab7738855aebe08106629db55cc37bbab6032d0c83e0b50545f7fadad00a7fb,Domain_7084151479e166730726d5b3f87515ea694ba334234059aaf8892ad0c5ac774c
1498,r_cname,Domain_bab7738855aebe08106629db55cc37bbab6032d0c83e0b50545f7fadad00a7fb,Domain_9f630e6120f72c18ca4435d0a51f7b90b42b0cfce282f2855e62b8f8c268d68b
1580,r_dns_a,Domain_1af571b08126316100c5881d0b6e2dc7e349572d3dc30623d117b6ba1e604f69,IP_47c3c8a6d1485385acf2f2c5ab3236317630a29ba21464f69ea220f4a29cf04b
21093,r_dns_a,Domain_bab7738855aebe08106629db55cc37bbab6032d0c83e0b50545f7fadad00a7fb,IP_6b5f6087ab963dd71a6c4aabbe593a953690cb156ed87bb84e13499ab1866fe9
21282,r_dns_a,Domain_3acaa528f64a286dc415cd13f2e14515e6b93847b8f3b604937c79cb01a5e864,IP_6b5f6087ab963dd71a6c4aabbe593a953690cb156ed87bb84e13499ab1866fe9
21421,r_dns_a,Domain_bf694f131769c5e0533f259f5eacb293df61eec41c817b1d2a75052649bfc2b1,IP_6b5f6087ab963dd71a6c4aabbe593a953690cb156ed87bb84e13499ab1866fe9
21444,r_asn,IP_b1fc9978629ee1cc2b8907d910cc86b40866348b7f1cd0ebbc2159b8b32bb966,ASN_e774bb32ba32a39fb57f1efcde1df426caed6d9cae712301b3383ac5d3f044ef
21458,r_cidr,IP_b1fc9978629ee1cc2b8907d910cc86b40866348b7f1cd0ebbc2159b8b32bb966,IP_CIDR_20d1cdd8cc0cfd949caf2d169039926134984ab7f0c8169f16df2d93c89e96ec
21507,r_dns_a,Domain_b115de17df40242620d8cf1ed3d4439c3ae74bf7363635be5db2a2988aab0ef5,IP_b1fc9978629ee1cc2b8907d910cc86b40866348b7f1cd0ebbc2159b8b32bb966
21554,r_dns_a,Domain_5c1cd1fe856b9139c30a237e1d3cec5bc4d15a8689e436f8236ae1eebce6f57f,IP_b1fc9978629ee1cc2b8907d910cc86b40866348b7f1cd0ebbc2159b8b32bb966
21580,r_dns_a,Domain_8999739220a34e8f2c33f127364b72aeadbace6e9920ea197697e613e89141c3,IP_b1fc9978629ee1cc2b8907d910cc86b40866348b7f1cd0ebbc2159b8b32bb966
21610,r_dns_a,Domain_fa11da49ec90a694be53a68d9f95b93cff264d20d9d971422423440159e77ce6,IP_6b5f6087ab963dd71a6c4aabbe593a953690cb156ed87bb84e13499ab1866fe9
21891,r_dns_a,Domain_d010fd25507aa3158026d2a4183f909ccb0ad6dff42ed89a227088a75d779728,IP_b1fc9978629ee1cc2b8907d910cc86b40866348b7f1cd0ebbc2159b8b32bb966
22093,r_dns_a,Domain_9e8f85c4321face784190fc820cdf4099f8591ca5aef0bd23b45dc32c3ae741f,IP_6b5f6087ab963dd71a6c4aabbe593a953690cb156ed87bb84e13499ab1866fe9
22199,r_dns_a,Domain_365aa099b44f09c37520199e7bb416f086be93459e1b55797ed186176d236bc3,IP_b1fc9978629ee1cc2b8907d910cc86b40866348b7f1cd0ebbc2159b8b32bb966
22272,r_dns_a,Domain_04022dc8a6439004db731b3bee3915aec225da2f8061d8146a738c65fcb5d12b,IP_b1fc9978629ee1cc2b8907d910cc86b40866348b7f1cd0ebbc2159b8b32bb966
22296,r_dns_a,Domain_c692c10f0264020426d63116bfcfd983316db5435de3b231a6a9ef31e9c4f471,IP_b1fc9978629ee1cc2b8907d910cc86b40866348b7f1cd0ebbc2159b8b32bb966
22313,r_cert,Domain_b115de17df40242620d8cf1ed3d4439c3ae74bf7363635be5db2a2988aab0ef5,Cert_fe794a69eacd63b21245bf4eda826222fc6c5862bebf77aa05459cb308cfd063
22369,r_dns_a,Domain_2dc0dd0712d137bde494dc8d3e6f02d8618d3c0046723d8f35080bda7a8f31f9,IP_b1fc9978629ee1cc2b8907d910cc86b40866348b7f1cd0ebbc2159b8b32bb966
22393,r_dns_a,Domain_7b3389ddb15cdf1cdc7032f912faebfad0570b31612b520f984cd72e744f2ba4,IP_b1fc9978629ee1cc2b8907d910cc86b40866348b7f1cd0ebbc2159b8b32bb966
22418,r_dns_a,Domain_39be2afbbcfdf2a9de131749adc3149e5d13f32c3ee6b88e314791f022e4a332,IP_b1fc9978629ee1cc2b8907d910cc86b40866348b7f1cd0ebbc2159b8b32bb966
22446,r_dns_a,Domain_6534f09344fa6fba88091ac186302f40c276ecf906cf99f4c244ed20b2c4cd5e,IP_6b5f6087ab963dd71a6c4aabbe593a953690cb156ed87bb84e13499ab1866fe9
22491,r_dns_a,Domain_92456cb579f4a58594c83c70a7b57f3066b135e997531160d413cfcd04063018,IP_b1fc9978629ee1cc2b8907d910cc86b40866348b7f1cd0ebbc2159b8b32bb966
22564,r_dns_a,Domain_4227fb2dd9688f03625b1355b9941ee9b0ab4e577def7c3179303a96b3dff829,IP_b1fc9978629ee1cc2b8907d910cc86b40866348b7f1cd0ebbc2159b8b32bb966
22613,r_dns_a,Domain_01555a9b5f84626bb412ad29bac88c721da635b61dfebede4c596e37e316f193,IP_b1fc9978629ee1cc2b8907d910cc86b40866348b7f1cd0ebbc2159b8b32bb966
22635,r_dns_a,Domain_b0535c02ff4621e0d41c92280d62b29b04679799ed6931e3b458c718cb88a104,IP_b1fc9978629ee1cc2b8907d910cc86b40866348b7f1cd0ebbc2159b8b32bb966
22682,r_dns_a,Domain_2ba3ae4b4241039ebe5eb62cd30d145052d3812f7a41291ca35d7318a29d4789,IP_b1fc9978629ee1cc2b8907d910cc86b40866348b7f1cd0ebbc2159b8b32bb966
22708,r_dns_a,Domain_99bfb0876ad5d86d05ba81bb85ec3601bf2f11736dbf041bbe439165adea8a49,IP_b1fc9978629ee1cc2b8907d910cc86b40866348b7f1cd0ebbc2159b8b32bb966
22788,r_dns_a,Domain_02ecf83282282da3919808ade1ac31e7538b7ad3f2e3dc2297cbfe9149143bfa,IP_6b5f6087ab963dd71a6c4aabbe593a953690cb156ed87bb84e13499ab1866fe9
22876,r_dns_a,Domain_7604829f71a8e9b05a9d22dbdc4794e92a5d4acca2e1a827b0eb841661ed565d,IP_b1fc9978629ee1cc2b8907d910cc86b40866348b7f1cd0ebbc2159b8b32bb966
22900,r_dns_a,Domain_da81b9dec1037a319be77e26bae3ccf3cba93bdf947a566c30f5186cd62f7efd,IP_b1fc9978629ee1cc2b8907d910cc86b40866348b7f1cd0ebbc2159b8b32bb966
22997,r_dns_a,Domain_7ec3eddd9dac7db173d69934b478e7fa1ba6fe76e3563be32701ea956cabd5e8,IP_b1fc9978629ee1cc2b8907d910cc86b40866348b7f1cd0ebbc2159b8b32bb966
23069,r_dns_a,Domain_592309c75c5afd2f0b27a25b49814a8b91dcd56dc5053c181d1f9d858cedbe12,IP_b1fc9978629ee1cc2b8907d910cc86b40866348b7f1cd0ebbc2159b8b32bb966
23437,r_dns_a,Domain_7084151479e166730726d5b3f87515ea694ba334234059aaf8892ad0c5ac774c,IP_6b5f6087ab963dd71a6c4aabbe593a953690cb156ed87bb84e13499ab1866fe9
23539,r_dns_a,Domain_5a46bdc750ff57e3b90a40016da967050944886ca19752d68b3d766f474e8e60,IP_b1fc9978629ee1cc2b8907d910cc86b40866348b7f1cd0ebbc2159b8b32bb966
23564,r_subdomain,Domain_1af571b08126316100c5881d0b6e2dc7e349572d3dc30623d117b6ba1e604f69,Domain_3463c4d7394dd9ed9e0bcafeaed3cf8691dc7dac01cbe3e84bba8391d93a7b38
23582,r_dns_a,Domain_1af571b08126316100c5881d0b6e2dc7e349572d3dc30623d117b6ba1e604f69,IP_a2794c275e85fb3b46b932dd1904e921553158e0a38a611c9773e1ce444ae6e5
23586,r_dns_a,Domain_3463c4d7394dd9ed9e0bcafeaed3cf8691dc7dac01cbe3e84bba8391d93a7b38,IP_a2794c275e85fb3b46b932dd1904e921553158e0a38a611c9773e1ce444ae6e5
23618,r_dns_a,Domain_5ab8ac1d96964be92e9019fccc5d664e1b506bb925078cf22cab40ac19ce8f8e,IP_b1fc9978629ee1cc2b8907d910cc86b40866348b7f1cd0ebbc2159b8b32bb966
23643,r_dns_a,Domain_ed285d6e89f094a8c8088cf369c0e8ac5ba3b6616fd2dece7087e59e6a541b5a,IP_b1fc9978629ee1cc2b8907d910cc86b40866348b7f1cd0ebbc2159b8b32bb966
23759,r_cidr,IP_5e9c7c67ebe8d16a7c644fa530f5378163399d0a5a0bc0401cd3dae83a910efd,IP_CIDR_78bda1d78d07476864267f62b7ea22abfd4991541447eca90a127a59a26d41c8
23764,r_dns_a,Domain_b41f7c254ce6203bce04da3608fb56428805b657c3e18c55f8977b20d404660e,IP_b1fc9978629ee1cc2b8907d910cc86b40866348b7f1cd0ebbc2159b8b32bb966
23783,r_dns_a,Domain_9c320789c196cc61dacd9d98bb193b22e623042f23749a2d095b88e80f64bc00,IP_5e9c7c67ebe8d16a7c644fa530f5378163399d0a5a0bc0401cd3dae83a910efd
23789,r_dns_a,Domain_5e8604757c6d9101fad9a11c86788683ba58936215fa06c3f7f3b3ddac015f74,IP_b1fc9978629ee1cc2b8907d910cc86b40866348b7f1cd0ebbc2159b8b32bb966
23813,r_dns_a,Domain_6fe5299f3138ac3263d7327ad1a6f1f1869569cabeb19a06e777b0796b9d79f3,IP_b1fc9978629ee1cc2b8907d910cc86b40866348b7f1cd0ebbc2159b8b32bb966
23900,r_dns_a,Domain_3cbc643f48f8281d958dbeeb8ca81390f2410d5d93794a5097f193717b237b79,IP_5e9c7c67ebe8d16a7c644fa530f5378163399d0a5a0bc0401cd3dae83a910efd
23936,r_dns_a,Domain_1b7b460d8efcbb69748401192d0b2e01cc5bc1086dcc82602dbaf5d6d20bf78c,IP_1b77e0c5abcf8173b7d41e3bc3a6e72ec322565943e484bdb24dfeebac92a880
24013,r_dns_a,Domain_4d983d3d787f80f54babbdb341dd36ceaa4cf47996d91aa7625e20f04140a515,IP_5e9c7c67ebe8d16a7c644fa530f5378163399d0a5a0bc0401cd3dae83a910efd
24038,r_dns_a,Domain_b61bc3ff0dc41960529c95f2bc52ec7808f652dc141990dba209ef1ae5f73581,IP_5e9c7c67ebe8d16a7c644fa530f5378163399d0a5a0bc0401cd3dae83a910efd
24107,r_dns_a,Domain_fd8371c5eaae8430a3d8f3da5660b459a4ed1cbf7bad541a28b40ca033a790a6,IP_5e9c7c67ebe8d16a7c644fa530f5378163399d0a5a0bc0401cd3dae83a910efd
24196,r_dns_a,Domain_b53ebc0af8c54abe4477ba5a427d65580204dd1ad3d2075e9011d2e466dd9401,IP_5e9c7c67ebe8d16a7c644fa530f5378163399d0a5a0bc0401cd3dae83a910efd
24305,r_dns_a,Domain_5d7a27a64c9e72067775a6f0acb379f1885d12db476b54ac732e81237e00e61d,IP_5e9c7c67ebe8d16a7c644fa530f5378163399d0a5a0bc0401cd3dae83a910efd
24378,r_dns_a,Domain_cd8e6a81e079f72f431556d689240f2acab032b42a73dbcff5c105247afde4eb,IP_5e9c7c67ebe8d16a7c644fa530f5378163399d0a5a0bc0401cd3dae83a910efd
24427,r_dns_a,Domain_f8e70221cd9d1aec2dd01e24139f685b795462d648ba89ccdffc421e2332285e,IP_5e9c7c67ebe8d16a7c644fa530f5378163399d0a5a0bc0401cd3dae83a910efd
24477,r_dns_a,Domain_e1ba28ad9a2ebec4614af907ca07283a0686cdbd7a85226ce0a754d15f0850f2,IP_5e9c7c67ebe8d16a7c644fa530f5378163399d0a5a0bc0401cd3dae83a910efd
24549,r_dns_a,Domain_557f1bdd4aeb323f604724b356bde414ca189aacd34580d23ac88466cff28f67,IP_5e9c7c67ebe8d16a7c644fa530f5378163399d0a5a0bc0401cd3dae83a910efd
24573,r_dns_a,Domain_521d403d21ea84cdcf6039e40f2d88e83fd8f3abf74f4780d4fb2e2c61b004cd,IP_5e9c7c67ebe8d16a7c644fa530f5378163399d0a5a0bc0401cd3dae83a910efd
24622,r_dns_a,Domain_e54e9135221fc7d94a1815403e3fcf070a3fb2a5de59bd734a627323f2194570,IP_5e9c7c67ebe8d16a7c644fa530f5378163399d0a5a0bc0401cd3dae83a910efd
24646,r_dns_a,Domain_6bb7f35fc7f485ce1907a7af1ebfc845c1e1e5b8d2e0cb09ad2ce02f2294a2fc,IP_5e9c7c67ebe8d16a7c644fa530f5378163399d0a5a0bc0401cd3dae83a910efd
24817,r_dns_a,Domain_bbb589ed95f74d19f4a06d3cd0c2d31f19ff9f8fbcdaf702bb36d49f393b2458,IP_5e9c7c67ebe8d16a7c644fa530f5378163399d0a5a0bc0401cd3dae83a910efd
24884,r_dns_a,Domain_b00c80649d23d066e8d481a9d70932265656d5158897102f3abf701cb361ed23,IP_5e9c7c67ebe8d16a7c644fa530f5378163399d0a5a0bc0401cd3dae83a910efd
24995,r_dns_a,Domain_d09d65fd8986840def8c073f84ef12434b2c587ef0f60fe5478824d60bca937c,IP_5e9c7c67ebe8d16a7c644fa530f5378163399d0a5a0bc0401cd3dae83a910efd
25016,r_dns_a,Domain_8b12c0f99ad6e8bcac84a751069e1acb85b20cb502a9637005cf6868769979ab,IP_5e9c7c67ebe8d16a7c644fa530f5378163399d0a5a0bc0401cd3dae83a910efd
25085,r_dns_a,Domain_060da769c4151a9725aaea3c65346a73d1008af3e3ecada88167c653a9819877,IP_5e9c7c67ebe8d16a7c644fa530f5378163399d0a5a0bc0401cd3dae83a910efd
25215,r_dns_a,Domain_73b2396402dec81c04b60ab0540a5bfbd7578b85203c2439f9343e8613702056,IP_5e9c7c67ebe8d16a7c644fa530f5378163399d0a5a0bc0401cd3dae83a910efd
25301,r_dns_a,Domain_a765f95d0ec3812b8bb5c010763c4ec853e4d75a17b018c5d99e4b4e6a5fdd78,IP_5e9c7c67ebe8d16a7c644fa530f5378163399d0a5a0bc0401cd3dae83a910efd
25520,r_dns_a,Domain_34a0f4ce609b0730db27ade444bf100dc8746336aa5fafc111801ab127586094,IP_5e9c7c67ebe8d16a7c644fa530f5378163399d0a5a0bc0401cd3dae83a910efd
25592,r_dns_a,Domain_b6345fc24f7c310eab85ff5659de2a21e591d1243157c60f15e41bb670932a3e,IP_5e9c7c67ebe8d16a7c644fa530f5378163399d0a5a0bc0401cd3dae83a910efd
25719,r_dns_a,Domain_22efeff65cb09c8a806ca33eefbd1008d5557f36b8c0dffabb4569e8e88a1f0d,IP_5e9c7c67ebe8d16a7c644fa530f5378163399d0a5a0bc0401cd3dae83a910efd
25793,r_dns_a,Domain_d5bf89ea123de98cc9262cc2fae26252336c200f100ddebeeb3827fa51bd7178,IP_5e9c7c67ebe8d16a7c644fa530f5378163399d0a5a0bc0401cd3dae83a910efd
25866,r_dns_a,Domain_55f2c9cd8bbf62c654f27e82720c782b6de07c444da9152e773db7cc303d64de,IP_5e9c7c67ebe8d16a7c644fa530f5378163399d0a5a0bc0401cd3dae83a910efd
25891,r_dns_a,Domain_6843254892b152b322ba55991a29fc8840407a18320f266c564e367fdfb902b4,IP_5e9c7c67ebe8d16a7c644fa530f5378163399d0a5a0bc0401cd3dae83a910efd
25938,r_dns_a,Domain_07e72489908a8a4adfa270fc2d637151dcbeb823fd2056bbab795912305f66ce,IP_5e9c7c67ebe8d16a7c644fa530f5378163399d0a5a0bc0401cd3dae83a910efd
25962,r_dns_a,Domain_0647ab59acc203a86a137a2a113cd56ee99f0f518313f91b49b0d34713280858,IP_5e9c7c67ebe8d16a7c644fa530f5378163399d0a5a0bc0401cd3dae83a910efd
26031,r_dns_a,Domain_598210ad69c47e79a3e2df7eabc5cad237260008198559acd74a307af0992e99,IP_5e9c7c67ebe8d16a7c644fa530f5378163399d0a5a0bc0401cd3dae83a910efd
87883,r_cidr,IP_4723a1321e964eb44f8e8c9f634c07984f07ef1d4fea5b848c57611066ef0db1,IP_CIDR_0b98cd8264c20227e89ee953aea6bf4362eefffc60a41c63598cc0bcb7eb81c9
88048,r_cname,Domain_3acaa528f64a286dc415cd13f2e14515e6b93847b8f3b604937c79cb01a5e864,Domain_8f2ab01d02639b48164ac1d14d1676e780fd31c9f203be8c12adb871161a38da
88715,r_subdomain,Domain_bf694f131769c5e0533f259f5eacb293df61eec41c817b1d2a75052649bfc2b1,Domain_6534f09344fa6fba88091ac186302f40c276ecf906cf99f4c244ed20b2c4cd5e
88751,r_cname,Domain_bf694f131769c5e0533f259f5eacb293df61eec41c817b1d2a75052649bfc2b1,Domain_78f228d71ea2646faa9415e7128596c3e1840ed9af012dd5b379d3ec4bf92de9
88760,r_cert,Domain_bf694f131769c5e0533f259f5eacb293df61eec41c817b1d2a75052649bfc2b1,Cert_fe794a69eacd63b21245bf4eda826222fc6c5862bebf77aa05459cb308cfd063
89042,r_cname,Domain_b115de17df40242620d8cf1ed3d4439c3ae74bf7363635be5db2a2988aab0ef5,Domain_80324da1ce149c558585e293d2daa1034a4adc4080d7eb48d73b611f545d2d56
89308,r_subdomain,Domain_8999739220a34e8f2c33f127364b72aeadbace6e9920ea197697e613e89141c3,Domain_99bfb0876ad5d86d05ba81bb85ec3601bf2f11736dbf041bbe439165adea8a49
89346,r_cname,Domain_8999739220a34e8f2c33f127364b72aeadbace6e9920ea197697e613e89141c3,Domain_f363afc0b989a586250921cd871291e77b26a714772e240c3187810f808e7ccc
90629,r_subdomain,Domain_d010fd25507aa3158026d2a4183f909ccb0ad6dff42ed89a227088a75d779728,Domain_d3fe3ce435dbafb815de5241925a5a50f565850d5a13da3441b487cfbb88dc76
91359,r_cname,Domain_9e8f85c4321face784190fc820cdf4099f8591ca5aef0bd23b45dc32c3ae741f,Domain_aee57794557cfab708ce86ca8b11b68c3abec3a080c85d9b262be2236685fd51
91718,r_subdomain,Domain_365aa099b44f09c37520199e7bb416f086be93459e1b55797ed186176d236bc3,Domain_5a46bdc750ff57e3b90a40016da967050944886ca19752d68b3d766f474e8e60
91749,r_cname,Domain_365aa099b44f09c37520199e7bb416f086be93459e1b55797ed186176d236bc3,Domain_0a9291e16779c9dd5c9673325a3875b79461a1f662fe5b626eccede3d679aee0
91958,r_subdomain,Domain_04022dc8a6439004db731b3bee3915aec225da2f8061d8146a738c65fcb5d12b,Domain_5ab8ac1d96964be92e9019fccc5d664e1b506bb925078cf22cab40ac19ce8f8e
91994,r_cname,Domain_04022dc8a6439004db731b3bee3915aec225da2f8061d8146a738c65fcb5d12b,Domain_7d5f5e2a848bdd43a4adb0b184892ab73e68d4362c5f3bd3905a67d15e4b166f
92018,r_whois_name,Domain_04022dc8a6439004db731b3bee3915aec225da2f8061d8146a738c65fcb5d12b,Whois_Name_f85b1018e7f4932dc182bb059490aad7bc44c963c5792d93f7c7038717b7b0d1
92039,r_whois_email,Domain_04022dc8a6439004db731b3bee3915aec225da2f8061d8146a738c65fcb5d12b,Whois_Email_910eb6033328f3f3d2eae3a2ffae550e3a11f2fb5291c38a0f8f853f49d7fa03
92051,r_cert,Domain_04022dc8a6439004db731b3bee3915aec225da2f8061d8146a738c65fcb5d12b,Cert_fe794a69eacd63b21245bf4eda826222fc6c5862bebf77aa05459cb308cfd063
92081,r_cname,Domain_c692c10f0264020426d63116bfcfd983316db5435de3b231a6a9ef31e9c4f471,Domain_5cd721c8a49134a1ff59c968ef49a7e8dcb50553cce09381f0eafe455a6a9488
92098,r_whois_name,Domain_c692c10f0264020426d63116bfcfd983316db5435de3b231a6a9ef31e9c4f471,Whois_Name_f85b1018e7f4932dc182bb059490aad7bc44c963c5792d93f7c7038717b7b0d1
92108,r_whois_email,Domain_c692c10f0264020426d63116bfcfd983316db5435de3b231a6a9ef31e9c4f471,Whois_Email_910eb6033328f3f3d2eae3a2ffae550e3a11f2fb5291c38a0f8f853f49d7fa03
92124,r_cert,Domain_c692c10f0264020426d63116bfcfd983316db5435de3b231a6a9ef31e9c4f471,Cert_fe794a69eacd63b21245bf4eda826222fc6c5862bebf77aa05459cb308cfd063
92378,r_cname,Domain_2dc0dd0712d137bde494dc8d3e6f02d8618d3c0046723d8f35080bda7a8f31f9,Domain_0cde915235233fb841d7dd24495fbe54823d200133cc60deeee481eaea909239
92392,r_cert,Domain_2dc0dd0712d137bde494dc8d3e6f02d8618d3c0046723d8f35080bda7a8f31f9,Cert_fe794a69eacd63b21245bf4eda826222fc6c5862bebf77aa05459cb308cfd063
92465,r_cert,Domain_7b3389ddb15cdf1cdc7032f912faebfad0570b31612b520f984cd72e744f2ba4,Cert_fe794a69eacd63b21245bf4eda826222fc6c5862bebf77aa05459cb308cfd063
92498,r_subdomain,Domain_39be2afbbcfdf2a9de131749adc3149e5d13f32c3ee6b88e314791f022e4a332,Domain_6fe5299f3138ac3263d7327ad1a6f1f1869569cabeb19a06e777b0796b9d79f3
93044,r_subdomain,Domain_4227fb2dd9688f03625b1355b9941ee9b0ab4e577def7c3179303a96b3dff829,Domain_f70cc6bc0e9cadfb844c98af964b916744ff291c65e6cc2d64f9b145e1d3b4c6
93070,r_cname,Domain_4227fb2dd9688f03625b1355b9941ee9b0ab4e577def7c3179303a96b3dff829,Domain_bc5d6e80c6c50b67fc6b4fd0dba370256fbac9781e050ff5714deea56f83c343
93223,r_subdomain,Domain_01555a9b5f84626bb412ad29bac88c721da635b61dfebede4c596e37e316f193,Domain_11deb9a3601abe68ebb145e374792c0c33c58735cc8ecfd7a0e0c5bd8b624e5b
93257,r_cname,Domain_01555a9b5f84626bb412ad29bac88c721da635b61dfebede4c596e37e316f193,Domain_4f2184903b0c56f6d1d42a5a5e3c678bc75400fcb43a32e87f26eec540d17433
93488,r_cname,Domain_2ba3ae4b4241039ebe5eb62cd30d145052d3812f7a41291ca35d7318a29d4789,Domain_ba8ffa99c2dcddca2cfa732dae7b15fa50fb4d1ab1a9b3688f15e046d99d6e19
93783,r_cname,Domain_02ecf83282282da3919808ade1ac31e7538b7ad3f2e3dc2297cbfe9149143bfa,Domain_591b50037f1db8357b008bcfb3c1d7da55b6d308d1f4201384eccec4dc9f00c8
94018,r_subdomain,Domain_7604829f71a8e9b05a9d22dbdc4794e92a5d4acca2e1a827b0eb841661ed565d,Domain_7b25cd21c795e882d264986f6dfcbff6736631ce8db714aa26fcf58784e88f52
94048,r_cname,Domain_7604829f71a8e9b05a9d22dbdc4794e92a5d4acca2e1a827b0eb841661ed565d,Domain_a1e11fccbb1c8f4645ce1cd09bc04638265a92196be31a0086ce933e8d8d04db
94094,r_cname,Domain_da81b9dec1037a319be77e26bae3ccf3cba93bdf947a566c30f5186cd62f7efd,Domain_297e018647874d2f948abd7a355187848b0d3f0b5bdb55744cf79514ce860511
94352,r_cname,Domain_7ec3eddd9dac7db173d69934b478e7fa1ba6fe76e3563be32701ea956cabd5e8,Domain_16e215c8fb423913c876667191472cf63c63a4d3ec3d8f1dc6aef4848327c34d
94368,r_cert,Domain_7ec3eddd9dac7db173d69934b478e7fa1ba6fe76e3563be32701ea956cabd5e8,Cert_fe794a69eacd63b21245bf4eda826222fc6c5862bebf77aa05459cb308cfd063
94565,r_cname,Domain_592309c75c5afd2f0b27a25b49814a8b91dcd56dc5053c181d1f9d858cedbe12,Domain_e7aab916f970b9feb248b81ec27e5f5868901801777b1dc31b2ee2a11a903eea
96218,r_asn,IP_a2794c275e85fb3b46b932dd1904e921553158e0a38a611c9773e1ce444ae6e5,ASN_ba4d3d8fe07b95ff5eef47988aa256fe23f807351784a9d5edb28c9287ac648a
96242,r_cidr,IP_a2794c275e85fb3b46b932dd1904e921553158e0a38a611c9773e1ce444ae6e5,IP_CIDR_04befea3b2e6f2421026c13e8e10d214641612388ee31f7825c80cf6db92e92c
96270,r_asn,IP_64cb3d6e3a5bef52cd49bb0e870d4343e3f3b3d6a0bea978e9915ae635858023,ASN_be98f3d98446e23a97c56062943febfd96f40b235915bad79dd9600375bda691
96295,r_cidr,IP_64cb3d6e3a5bef52cd49bb0e870d4343e3f3b3d6a0bea978e9915ae635858023,IP_CIDR_ebc6f5653e556eb28b2e81560e7863284caefeaf29146a3ca6e4e80e49c9fd8e
96340,r_dns_a,Domain_ba4a5426de616eb691b2177801e6c5591e346fc201807e0144e31ec1443c8a66,IP_64cb3d6e3a5bef52cd49bb0e870d4343e3f3b3d6a0bea978e9915ae635858023
96485,r_cert,Domain_5ab8ac1d96964be92e9019fccc5d664e1b506bb925078cf22cab40ac19ce8f8e,Cert_fe794a69eacd63b21245bf4eda826222fc6c5862bebf77aa05459cb308cfd063
96648,r_cert,Domain_ed285d6e89f094a8c8088cf369c0e8ac5ba3b6616fd2dece7087e59e6a541b5a,Cert_fe794a69eacd63b21245bf4eda826222fc6c5862bebf77aa05459cb308cfd063
96987,r_dns_a,Domain_35993ddcf0fc04077c271ed58cc7e63bd81ab6b8cf9d893c7e9fe166cc592f00,IP_64cb3d6e3a5bef52cd49bb0e870d4343e3f3b3d6a0bea978e9915ae635858023
97384,r_cert,Domain_b41f7c254ce6203bce04da3608fb56428805b657c3e18c55f8977b20d404660e,Cert_fe794a69eacd63b21245bf4eda826222fc6c5862bebf77aa05459cb308cfd063
97403,r_dns_a,Domain_f71a00b309cb10197988a9984ec92b11179c61432e3c673e4052892a7d52d3f5,IP_64cb3d6e3a5bef52cd49bb0e870d4343e3f3b3d6a0bea978e9915ae635858023
97450,r_dns_a,Domain_5b6302f47de7f9a8cc15bbb9e3bcd6cd60cbc0ad645e482be4a4f77953949ad8,IP_64cb3d6e3a5bef52cd49bb0e870d4343e3f3b3d6a0bea978e9915ae635858023
97457,r_subdomain,Domain_9c320789c196cc61dacd9d98bb193b22e623042f23749a2d095b88e80f64bc00,Domain_f8e70221cd9d1aec2dd01e24139f685b795462d648ba89ccdffc421e2332285e
97472,r_dns_a,Domain_6a5e67a534a9563a753a0fe4abdc6d2fea7401d2b7c1443a34b95ae137847822,IP_a2794c275e85fb3b46b932dd1904e921553158e0a38a611c9773e1ce444ae6e5
97473,r_dns_a,Domain_c605ffeacd23c1a7b09f9e366c790768ace2c02754abba5f2268db44a641b859,IP_64cb3d6e3a5bef52cd49bb0e870d4343e3f3b3d6a0bea978e9915ae635858023
97481,r_cname,Domain_5e8604757c6d9101fad9a11c86788683ba58936215fa06c3f7f3b3ddac015f74,Domain_48d0e03bf40ef87dcce9a757515dc6dceec631034f59aa06d39989b2c01e207a
97494,r_cname,Domain_9c320789c196cc61dacd9d98bb193b22e623042f23749a2d095b88e80f64bc00,Domain_6e1c8fd0ba27c237df41ebb4e4886e7e0a2fed39d08e16c5021241feafa70b3d
97497,r_dns_a,Domain_90174508419d83cbd6b8070a47a2e35fb0bb09639df23e4fbfa678011ecaa3a7,IP_a2794c275e85fb3b46b932dd1904e921553158e0a38a611c9773e1ce444ae6e5
97499,r_cert,Domain_5e8604757c6d9101fad9a11c86788683ba58936215fa06c3f7f3b3ddac015f74,Cert_fe794a69eacd63b21245bf4eda826222fc6c5862bebf77aa05459cb308cfd063
97518,r_dns_a,Domain_b90a7d7165d563fe5dbf58196c2231a3c5cb9d77594e9518380c9eae8d7e379f,IP_a2794c275e85fb3b46b932dd1904e921553158e0a38a611c9773e1ce444ae6e5
97534,r_cert,Domain_9c320789c196cc61dacd9d98bb193b22e623042f23749a2d095b88e80f64bc00,Cert_fe794a69eacd63b21245bf4eda826222fc6c5862bebf77aa05459cb308cfd063
97539,r_dns_a,Domain_ea74178e95e984c1eb8092efd526ee8b99d816b8c5c78e4dd67cafad4e788656,IP_a2794c275e85fb3b46b932dd1904e921553158e0a38a611c9773e1ce444ae6e5
97542,r_dns_a,Domain_285327e3bc17ee0ecbfe0128e57c1f89b1707b997f11fe4b6ea89130817d2dab,IP_013d7408cfc03680bb9a5e90e1022c5da9bd6cea7bd95295b98a52b8cbc12d6c
97561,r_dns_a,Domain_fd8c06d160a8fb02be211cafe9660f8b8a9ad931a46b846b21b13a149a8f1a2f,IP_a2794c275e85fb3b46b932dd1904e921553158e0a38a611c9773e1ce444ae6e5
97584,r_dns_a,Domain_edf90c57a955e0581446a935443c1840baa47ce904443da31d0b005e78dc7dec,IP_a2794c275e85fb3b46b932dd1904e921553158e0a38a611c9773e1ce444ae6e5
97608,r_dns_a,Domain_bbe03607681faa76638abaea6975858bef27c02b42b80f0a246c030c5f1b0cad,IP_a2794c275e85fb3b46b932dd1904e921553158e0a38a611c9773e1ce444ae6e5
97633,r_dns_a,Domain_a078e24fcd052497818492cd60282086a26d435ca98e309abb95ab3677fefde4,IP_a2794c275e85fb3b46b932dd1904e921553158e0a38a611c9773e1ce444ae6e5
97652,r_dns_a,Domain_c2993d390f5cc7349b6e5ed1edf82253d27295f465235cf42f76624856ddf899,IP_a2794c275e85fb3b46b932dd1904e921553158e0a38a611c9773e1ce444ae6e5
97679,r_dns_a,Domain_7c2b003a8e1498d3ee20307ee563453af431b65addbd759c155cc8a1227879c7,IP_a2794c275e85fb3b46b932dd1904e921553158e0a38a611c9773e1ce444ae6e5
97702,r_dns_a,Domain_206c1851cc5a0d00de5284defa49cf5b53ba5d12d4681589184b45559931e6f4,IP_a2794c275e85fb3b46b932dd1904e921553158e0a38a611c9773e1ce444ae6e5
97720,r_dns_a,Domain_5ea2038085ad3f2e46e1fa3b401cf03638d559a540436d6c8ec5ce5fa28bfd93,IP_a2794c275e85fb3b46b932dd1904e921553158e0a38a611c9773e1ce444ae6e5
97743,r_dns_a,Domain_a90ffbccffb50ebdf5bbbcd93abc4400e8cf45798c817fba52176ecf7c67d985,IP_a2794c275e85fb3b46b932dd1904e921553158e0a38a611c9773e1ce444ae6e5
97831,r_dns_a,Domain_6de021505a46acba21fc78ef4ef6956bd87ba3a8a0fb7aa25513a86fa979891b,IP_a2794c275e85fb3b46b932dd1904e921553158e0a38a611c9773e1ce444ae6e5
97855,r_dns_a,Domain_f2f815811bd4e8649cea57a0b100bde8d698b4793f21129f0384fda7d42d710e,IP_a2794c275e85fb3b46b932dd1904e921553158e0a38a611c9773e1ce444ae6e5
97880,r_dns_a,Domain_a9efa5abdf5accb6a74ec2375996022f1a24ad190bf11e9067e055354b8aee41,IP_a2794c275e85fb3b46b932dd1904e921553158e0a38a611c9773e1ce444ae6e5
97883,r_dns_a,Domain_ff1b758bb2dca5a5269ed1f1b7178ef56359ec58318c340ba5672652949d1986,IP_64cb3d6e3a5bef52cd49bb0e870d4343e3f3b3d6a0bea978e9915ae635858023
97903,r_dns_a,Domain_24893690874c677706e90178016068024212d6430ed2c32001d4be9cdbedecbc,IP_a2794c275e85fb3b46b932dd1904e921553158e0a38a611c9773e1ce444ae6e5
97949,r_dns_a,Domain_4ac4a46c40060db82d375f37c5754e1412c5891191ca9671a8e712873c4e65fc,IP_a2794c275e85fb3b46b932dd1904e921553158e0a38a611c9773e1ce444ae6e5
98058,r_dns_a,Domain_deacd4deff6781eeec343c22038e5c108689c6b06b0a48fa4e0776d8a9489951,IP_64cb3d6e3a5bef52cd49bb0e870d4343e3f3b3d6a0bea978e9915ae635858023
98114,r_subdomain,Domain_3cbc643f48f8281d958dbeeb8ca81390f2410d5d93794a5097f193717b237b79,Domain_bbb589ed95f74d19f4a06d3cd0c2d31f19ff9f8fbcdaf702bb36d49f393b2458
98150,r_cname,Domain_3cbc643f48f8281d958dbeeb8ca81390f2410d5d93794a5097f193717b237b79,Domain_f2ef75b071742158c78f833cb1030dac68c9e2a7b587ce963a6bc5099881b009
98276,r_subdomain,Domain_1b7b460d8efcbb69748401192d0b2e01cc5bc1086dcc82602dbaf5d6d20bf78c,Domain_ca909547109b1097b223e5c868b315d0e8a3be3540f03c738f02e236d892bd45
98303,r_dns_a,Domain_70b59b5bfa165b319565885b3c4abba8e150a9ec5b6e7cd7124cf86f7c54dcbe,IP_a2794c275e85fb3b46b932dd1904e921553158e0a38a611c9773e1ce444ae6e5
98315,r_cname,Domain_1b7b460d8efcbb69748401192d0b2e01cc5bc1086dcc82602dbaf5d6d20bf78c,Domain_d174d3d167d509cc1c6204bed3548defb2ad1be8cd3db00e465a00b2e0ffb97f
98327,r_whois_name,Domain_1b7b460d8efcbb69748401192d0b2e01cc5bc1086dcc82602dbaf5d6d20bf78c,Whois_Name_b41450ee7bedca66841b7a976e1d4499da345e2f65a00e8bd0083026288d3f7b
98342,r_whois_email,Domain_1b7b460d8efcbb69748401192d0b2e01cc5bc1086dcc82602dbaf5d6d20bf78c,Whois_Email_89478e5b280cd920fba2fcbc319145032e8468bc73c70545229d8825bb1ef2c9
98355,r_cert,Domain_1b7b460d8efcbb69748401192d0b2e01cc5bc1086dcc82602dbaf5d6d20bf78c,Cert_fe794a69eacd63b21245bf4eda826222fc6c5862bebf77aa05459cb308cfd063
98618,r_subdomain,Domain_4d983d3d787f80f54babbdb341dd36ceaa4cf47996d91aa7625e20f04140a515,Domain_d09d65fd8986840def8c073f84ef12434b2c587ef0f60fe5478824d60bca937c
98654,r_cname,Domain_4d983d3d787f80f54babbdb341dd36ceaa4cf47996d91aa7625e20f04140a515,Domain_bddc178cf70b6db0405419e582f14fc0ca2137a8a73150b1e71e1ded56024fcf
103954,r_subdomain,Domain_557f1bdd4aeb323f604724b356bde414ca189aacd34580d23ac88466cff28f67,Domain_55f2c9cd8bbf62c654f27e82720c782b6de07c444da9152e773db7cc303d64de
103986,r_cname,Domain_557f1bdd4aeb323f604724b356bde414ca189aacd34580d23ac88466cff28f67,Domain_09f1f99e4f93a3579ccc83d9cd921d6e8744c294c792663a8aa93743b73cb22d
104029,r_cert,Domain_557f1bdd4aeb323f604724b356bde414ca189aacd34580d23ac88466cff28f67,Cert_fe794a69eacd63b21245bf4eda826222fc6c5862bebf77aa05459cb308cfd063
104326,r_subdomain,Domain_521d403d21ea84cdcf6039e40f2d88e83fd8f3abf74f4780d4fb2e2c61b004cd,Domain_6843254892b152b322ba55991a29fc8840407a18320f266c564e367fdfb902b4
104367,r_cname,Domain_521d403d21ea84cdcf6039e40f2d88e83fd8f3abf74f4780d4fb2e2c61b004cd,Domain_0471e6ecc866a2f61a7e897d1aad676ab738dab065099fc48f21426c5caa1558
105040,r_subdomain,Domain_e54e9135221fc7d94a1815403e3fcf070a3fb2a5de59bd734a627323f2194570,Domain_cecd82ef736e88bbcba8280c5698ab4e83e1f5ca0023b917442fd38f8b93e118
105068,r_subdomain,Domain_e54e9135221fc7d94a1815403e3fcf070a3fb2a5de59bd734a627323f2194570,Domain_a3d5b79b711d9850c1b1ab22b7af8fde017350b3eb3b0647442982c24d43a01d
105092,r_subdomain,Domain_e54e9135221fc7d94a1815403e3fcf070a3fb2a5de59bd734a627323f2194570,Domain_1f0bceb9fe6656a2bc76d8ed44d9ea1bb962d303cc53e1e5f27422ed13705ec8
105117,r_subdomain,Domain_e54e9135221fc7d94a1815403e3fcf070a3fb2a5de59bd734a627323f2194570,Domain_d7e3830991cd8a1e7393c6d4908c82d75f9a5783c7a4751c4cf9225dd70ab641
105144,r_subdomain,Domain_e54e9135221fc7d94a1815403e3fcf070a3fb2a5de59bd734a627323f2194570,Domain_7da173a2c3c17de58c24bf38a8df9860decdc1f805dad08c3ba176d24d1fdda1
105168,r_subdomain,Domain_e54e9135221fc7d94a1815403e3fcf070a3fb2a5de59bd734a627323f2194570,Domain_ec7e5fdcf2ebff1d6de0aa5f86364878ca85d5f00f581cddc6027c4dc126ded0
105192,r_subdomain,Domain_e54e9135221fc7d94a1815403e3fcf070a3fb2a5de59bd734a627323f2194570,Domain_b393e5a5ea4642cc33ac6807003fe73fc3f2cfd17d3a12d0f944bff6824e13d4
105215,r_subdomain,Domain_e54e9135221fc7d94a1815403e3fcf070a3fb2a5de59bd734a627323f2194570,Domain_def0225efa109d84095f94b181723fe1ede891fab4825053a745808ff7177a16
105240,r_subdomain,Domain_e54e9135221fc7d94a1815403e3fcf070a3fb2a5de59bd734a627323f2194570,Domain_b05d9527db4a7b166ef37dde90dffe4dfcd08a968806845002976fef8f01d7d1
105262,r_subdomain,Domain_e54e9135221fc7d94a1815403e3fcf070a3fb2a5de59bd734a627323f2194570,Domain_c0a89f32039204eb718708781536e7174155d55cd1cd7ccd388580d23ce18ded
105286,r_subdomain,Domain_e54e9135221fc7d94a1815403e3fcf070a3fb2a5de59bd734a627323f2194570,Domain_92fe3473538090971252979164c46c6039121ac7aea65f76d0fc27c33f4bdcb2
105313,r_subdomain,Domain_e54e9135221fc7d94a1815403e3fcf070a3fb2a5de59bd734a627323f2194570,Domain_1571a8d9928cf2bf7f8d7184f2b4ca94d41cbb31db8db1f8bc9034782954fef4
105338,r_subdomain,Domain_e54e9135221fc7d94a1815403e3fcf070a3fb2a5de59bd734a627323f2194570,Domain_6aada3820811403add3d31aac3e8e6a65ea3bdda7238435705d12f65919ad622
105364,r_subdomain,Domain_e54e9135221fc7d94a1815403e3fcf070a3fb2a5de59bd734a627323f2194570,Domain_9fb0be1b09aae696eb95aa410d6a7a9fe3a99c07aae470b0b13c58586423fe36
105387,r_subdomain,Domain_e54e9135221fc7d94a1815403e3fcf070a3fb2a5de59bd734a627323f2194570,Domain_2d8870ab531af77ff48512c9e4249df05f336726c99bdd3e2783887865365b48
105413,r_subdomain,Domain_e54e9135221fc7d94a1815403e3fcf070a3fb2a5de59bd734a627323f2194570,Domain_4b4717dad72dfa8b241cd15225a677b5aab040a8dfd9ff47f0f18d795fca7651
105440,r_subdomain,Domain_e54e9135221fc7d94a1815403e3fcf070a3fb2a5de59bd734a627323f2194570,Domain_eae267968c69e608d8d365d68ac980e0213edc07d1b480951b7b9cc8ae5cd1b4
105463,r_subdomain,Domain_e54e9135221fc7d94a1815403e3fcf070a3fb2a5de59bd734a627323f2194570,Domain_6b23355ca0e63ec4168b04cb7ddab04f93d395b8b7986b40aaa611ee0e21b15e
105488,r_subdomain,Domain_e54e9135221fc7d94a1815403e3fcf070a3fb2a5de59bd734a627323f2194570,Domain_c5beb41af2136c70c49fcc839de9a1388c80d649f1835bd309e404516327aa19
105513,r_subdomain,Domain_e54e9135221fc7d94a1815403e3fcf070a3fb2a5de59bd734a627323f2194570,Domain_e468cc70a04dc7c08bbc9eebd4cc3a97b748a2d2832fb8f529377461f91c80dc
105536,r_subdomain,Domain_e54e9135221fc7d94a1815403e3fcf070a3fb2a5de59bd734a627323f2194570,Domain_f5326cc001afc08d7d8f80743ebad0a22f86a27183bb88fcb2bac4ec82bcf55a
105558,r_subdomain,Domain_e54e9135221fc7d94a1815403e3fcf070a3fb2a5de59bd734a627323f2194570,Domain_699134b9f4b32b8c437f3f228f86426a767b968d192d3b5adc45e9c43398c189
105582,r_subdomain,Domain_e54e9135221fc7d94a1815403e3fcf070a3fb2a5de59bd734a627323f2194570,Domain_1806f1037f61e0dbb379933210722d29d4ffc9716f414baeb9ba71706e43fb77
105606,r_subdomain,Domain_e54e9135221fc7d94a1815403e3fcf070a3fb2a5de59bd734a627323f2194570,Domain_f0d1e10201f828fe0c4dd774e9843b478141a986aeb77033b0160b8c00c85a6e
105634,r_subdomain,Domain_e54e9135221fc7d94a1815403e3fcf070a3fb2a5de59bd734a627323f2194570,Domain_59824ca5d3abcb8384c5bee456a7d9749884e602eb09b33862a94d5f85ce2837
108063,r_cert,Domain_b00c80649d23d066e8d481a9d70932265656d5158897102f3abf701cb361ed23,Cert_d28cd98e1671f5cdb42927ccf501d79d5ad128cb3689179e212400dea2e4e30d
109133,r_cname,Domain_8b12c0f99ad6e8bcac84a751069e1acb85b20cb502a9637005cf6868769979ab,Domain_52e69a4e8fcdbf6a8d1e21d5770610daaff76455cf81b44b6101fbd93209bc27
109800,r_cname,Domain_060da769c4151a9725aaea3c65346a73d1008af3e3ecada88167c653a9819877,Domain_35239c32caec22b3c05be3da0f2e9cccc85366d0d502eddb06bcfbcf4f464d31
110956,r_cname,Domain_73b2396402dec81c04b60ab0540a5bfbd7578b85203c2439f9343e8613702056,Domain_f8c2bb4645b2598fa868a685f5f2534733b36e652c6b9c9e447c72168e962994
110981,r_whois_name,Domain_73b2396402dec81c04b60ab0540a5bfbd7578b85203c2439f9343e8613702056,Whois_Name_1a0fa0c65d9861abfd71ddc7cad746a82ee08ba6117e361bbdbc7f0f22648749
112558,r_cname,Domain_a765f95d0ec3812b8bb5c010763c4ec853e4d75a17b018c5d99e4b4e6a5fdd78,Domain_cfaee18f6cdb351ece905227345cdc62256f3a196cb0f663bbf0a7a4376b2d12
117272,r_cname,Domain_34a0f4ce609b0730db27ade444bf100dc8746336aa5fafc111801ab127586094,Domain_1f0601d36d3fc6a76ec61d2a241d09599961feaf6a1f20ed7905c1cf4581ca4f
118041,r_cname,Domain_b6345fc24f7c310eab85ff5659de2a21e591d1243157c60f15e41bb670932a3e,Domain_3f628dfa21ad8f90a7004833e59dd88b944ebf0e90881c2d9888749ba2e09d0a
120188,r_subdomain,Domain_22efeff65cb09c8a806ca33eefbd1008d5557f36b8c0dffabb4569e8e88a1f0d,Domain_8071dd37fde543c3bb1daaab06490c3e0ca2972922bf38b7d115ea543aefc37e
120225,r_cname,Domain_22efeff65cb09c8a806ca33eefbd1008d5557f36b8c0dffabb4569e8e88a1f0d,Domain_62c2f00523f12d174aca065b364f89de7632779d5ebf79852e918465533988ac
120252,r_whois_email,Domain_22efeff65cb09c8a806ca33eefbd1008d5557f36b8c0dffabb4569e8e88a1f0d,Whois_Email_397aceed3d07b397606652b34450df15aef2291853eb8714436b59be42e6209d
120274,r_whois_name,Domain_22efeff65cb09c8a806ca33eefbd1008d5557f36b8c0dffabb4569e8e88a1f0d,Whois_Name_14fabf1bc18144c53f336b5570d4f8676cf2092b7e81d1102bd48290e2ebe860
120293,r_cert,Domain_22efeff65cb09c8a806ca33eefbd1008d5557f36b8c0dffabb4569e8e88a1f0d,Cert_fe794a69eacd63b21245bf4eda826222fc6c5862bebf77aa05459cb308cfd063
120825,r_cname,Domain_d5bf89ea123de98cc9262cc2fae26252336c200f100ddebeeb3827fa51bd7178,Domain_3ca2c4a71beaa99957847f2fc13250047e0316c7c045cabc350035c05b81c0a3
123481,r_cname,Domain_0647ab59acc203a86a137a2a113cd56ee99f0f518313f91b49b0d34713280858,Domain_fb1cec12d75b2497b495e256aa6e127bc84af9667561d9900f64a1d50a3cf11d
124132,r_cert,Domain_598210ad69c47e79a3e2df7eabc5cad237260008198559acd74a307af0992e99,Cert_d28cd98e1671f5cdb42927ccf501d79d5ad128cb3689179e212400dea2e4e30d
429465,r_dns_a,Domain_ddc01037380d20c0bd0f368825626023c53dc2e4772a6d0d65a399fa41ec13b7,IP_4723a1321e964eb44f8e8c9f634c07984f07ef1d4fea5b848c57611066ef0db1
429492,r_dns_a,Domain_b701602038007d7d154800ca2a9605a6f4ba4b8c08cc07a5eb24d9f9720ff76b,IP_4723a1321e964eb44f8e8c9f634c07984f07ef1d4fea5b848c57611066ef0db1
429518,r_dns_a,Domain_d5984f1eb3dcf64af6145eda929dd6248ac6e612fd4a0c0fbc771cfae927ff5f,IP_4723a1321e964eb44f8e8c9f634c07984f07ef1d4fea5b848c57611066ef0db1
429542,r_dns_a,Domain_d1a8e645091138adb7c34ef84b46b14b88e7d28b071cbde19ec04f473d5cc302,IP_4723a1321e964eb44f8e8c9f634c07984f07ef1d4fea5b848c57611066ef0db1
429569,r_dns_a,Domain_efd6fd2de28e911ab3699ea3426c5fb09beea8f2460cac1dc92edd81aedc22e0,IP_4723a1321e964eb44f8e8c9f634c07984f07ef1d4fea5b848c57611066ef0db1
429589,r_dns_a,Domain_f07afa3655e203362b5b0d7649f5375d418b0492cd97a772bd6fd98eff9231bf,IP_4723a1321e964eb44f8e8c9f634c07984f07ef1d4fea5b848c57611066ef0db1
429613,r_dns_a,Domain_412f87020add7e0437180eccedfcfb9619f4ffe24507c2ac8909c74296d22b60,IP_4723a1321e964eb44f8e8c9f634c07984f07ef1d4fea5b848c57611066ef0db1
429637,r_dns_a,Domain_5d4004f0be62a488f1ff07f3d08f26190499743905321b0535d4bf609e192259,IP_4723a1321e964eb44f8e8c9f634c07984f07ef1d4fea5b848c57611066ef0db1
429661,r_dns_a,Domain_5df74b7a2a699160eabe287460eb16c9649125e85fe332445b2d89cc643e4e00,IP_4723a1321e964eb44f8e8c9f634c07984f07ef1d4fea5b848c57611066ef0db1
429689,r_dns_a,Domain_d7a6a847c801a1b525467c8e87b03673922f1c79980ad050480e66bd968dbabc,IP_4723a1321e964eb44f8e8c9f634c07984f07ef1d4fea5b848c57611066ef0db1
429711,r_dns_a,Domain_1bd748a6490f980309cd4f03b0b97d16dd03f3fdc673db084d17851fdeb3b7c9,IP_4723a1321e964eb44f8e8c9f634c07984f07ef1d4fea5b848c57611066ef0db1
429733,r_dns_a,Domain_8c52bd30726b44c305cdf2d592c3f50854b4fcaf2c2f132c33feecc2ece33fc1,IP_4723a1321e964eb44f8e8c9f634c07984f07ef1d4fea5b848c57611066ef0db1
429760,r_dns_a,Domain_bf9dccf0a7f0e2ef500a7c5f882f5ecf4e661c8326a71b988742e00bdb4a5f3f,IP_4723a1321e964eb44f8e8c9f634c07984f07ef1d4fea5b848c57611066ef0db1
429782,r_dns_a,Domain_50f9190f442d8e57d450e12f9b9af241e7af6608c7bf6f1709736d747edaba7d,IP_4723a1321e964eb44f8e8c9f634c07984f07ef1d4fea5b848c57611066ef0db1
429804,r_dns_a,Domain_4978fa44151e49471472050b20e045ab3faea2955ce08f35d8c9f7815ad62c2a,IP_4723a1321e964eb44f8e8c9f634c07984f07ef1d4fea5b848c57611066ef0db1
429826,r_dns_a,Domain_5f3084ade82f76f4b491894f1d5f1026e15944e9791bdf65894257c98ecf932e,IP_4723a1321e964eb44f8e8c9f634c07984f07ef1d4fea5b848c57611066ef0db1
429847,r_dns_a,Domain_29b877b4d7ddaafb81bfcbd9d0965bbfce21d9ed3c70f3f07df16fd6d16358a5,IP_4723a1321e964eb44f8e8c9f634c07984f07ef1d4fea5b848c57611066ef0db1
429871,r_dns_a,Domain_f141bd8cb0d52e03172d360d9cb119fcadfa88d0e0490ba00073cc972658543f,IP_4723a1321e964eb44f8e8c9f634c07984f07ef1d4fea5b848c57611066ef0db1
429889,r_dns_a,Domain_fb824a68e6efdf88ac492815de0664fb5fb2a9cb05d25689e2a1021864f8c37a,IP_4723a1321e964eb44f8e8c9f634c07984f07ef1d4fea5b848c57611066ef0db1
429908,r_dns_a,Domain_3ca17f3b57a34cb7049b90ee47f33031fbb54148ba77ad6af24c499d55f14b76,IP_4723a1321e964eb44f8e8c9f634c07984f07ef1d4fea5b848c57611066ef0db1
429928,r_dns_a,Domain_e18541108d693bcb7b776a8f08bcfd153acf3cf70c14fb78a14610a22273bec2,IP_4723a1321e964eb44f8e8c9f634c07984f07ef1d4fea5b848c57611066ef0db1
429951,r_dns_a,Domain_09ddc678291b798d1749444604410a6a1604840825f3bcb17ba8edf35e6c0a18,IP_4723a1321e964eb44f8e8c9f634c07984f07ef1d4fea5b848c57611066ef0db1
429972,r_dns_a,Domain_fb179ae0528d6735ad9a9e764517fa43438ac4aac339eff05b3bf51f21774d0e,IP_4723a1321e964eb44f8e8c9f634c07984f07ef1d4fea5b848c57611066ef0db1
429992,r_dns_a,Domain_b5c1e78f290180da8a3e9dd975bb1b7733b68c8cb23fc2ff7880aa0b95206c2b,IP_4723a1321e964eb44f8e8c9f634c07984f07ef1d4fea5b848c57611066ef0db1
430013,r_dns_a,Domain_3f69f063e51ceb52751477434d6d0c16b536bfd4aea4267537891bd0763bb0e8,IP_4723a1321e964eb44f8e8c9f634c07984f07ef1d4fea5b848c57611066ef0db1
430034,r_dns_a,Domain_0d50ee9335ee8da14eb708052afc867117064f3cd0a4039f5ada8e0b28005404,IP_4723a1321e964eb44f8e8c9f634c07984f07ef1d4fea5b848c57611066ef0db1
430056,r_dns_a,Domain_78ef8f200f5c4121c5d2757a1b5fbe89c5ec5811a571bd00df4fc1af1bb71da0,IP_4723a1321e964eb44f8e8c9f634c07984f07ef1d4fea5b848c57611066ef0db1
430079,r_dns_a,Domain_8077933ef42560b8f4eca5ac7504bec29329318603e2c779c9e408a15fabb850,IP_4723a1321e964eb44f8e8c9f634c07984f07ef1d4fea5b848c57611066ef0db1
430101,r_dns_a,Domain_8683adc827f19ed1b77d7b906aa04df5b8f0a8407a4e5e83181c1be2d9687f3d,IP_4723a1321e964eb44f8e8c9f634c07984f07ef1d4fea5b848c57611066ef0db1
430124,r_dns_a,Domain_34edb1f58302a4a0c295346e60604a102cef7f3b16f92e3949b31d23fca0b2be,IP_4723a1321e964eb44f8e8c9f634c07984f07ef1d4fea5b848c57611066ef0db1
430147,r_dns_a,Domain_42186b1695f6a02b210ef6ff559be81be8a2ff2f962fd3c666275b64e4eaa427,IP_4723a1321e964eb44f8e8c9f634c07984f07ef1d4fea5b848c57611066ef0db1
430167,r_dns_a,Domain_952e6c2ef76a8561a12652b3c24f37f4d51f258f104c659920a85200d0e953ae,IP_4723a1321e964eb44f8e8c9f634c07984f07ef1d4fea5b848c57611066ef0db1
430190,r_dns_a,Domain_4798462728f8a04edd8aa1f7000d9188543c1bc896021eddd0cb15082028b943,IP_4723a1321e964eb44f8e8c9f634c07984f07ef1d4fea5b848c57611066ef0db1
430213,r_dns_a,Domain_73817b1ed0146f1f3e777d662ad5ed258aae1f6d2083d5e1dd3417a520d9195a,IP_4723a1321e964eb44f8e8c9f634c07984f07ef1d4fea5b848c57611066ef0db1
430234,r_dns_a,Domain_b0f0e27be12cbe96b09eb7dce2d4528b0613d4c02268decbd6654bc67b154069,IP_4723a1321e964eb44f8e8c9f634c07984f07ef1d4fea5b848c57611066ef0db1
430258,r_dns_a,Domain_0b5bc78d58cf2ab99165acfb3684e2ccc44d4a1a75c782611521114c6c91700d,IP_4723a1321e964eb44f8e8c9f634c07984f07ef1d4fea5b848c57611066ef0db1
430280,r_dns_a,Domain_22d3cfdf65d52fac823c62f876e96cbb753162834253ff61d7003b9cf0fa6509,IP_4723a1321e964eb44f8e8c9f634c07984f07ef1d4fea5b848c57611066ef0db1
430305,r_dns_a,Domain_b3f860f63c35dd94ab484531209f11a364a9bb2657b213ff4c86560a9f462ff8,IP_4723a1321e964eb44f8e8c9f634c07984f07ef1d4fea5b848c57611066ef0db1
430329,r_dns_a,Domain_dbfefdcafff292f3d5e1ef7bbe445a4dc1df765ac876a5839ed987f2945cdc6f,IP_4723a1321e964eb44f8e8c9f634c07984f07ef1d4fea5b848c57611066ef0db1
430349,r_dns_a,Domain_e8b6d360c40dc9ea08f03e9f2d51183b3f7d147eced00cd73dabad17f2f9619d,IP_4723a1321e964eb44f8e8c9f634c07984f07ef1d4fea5b848c57611066ef0db1
430371,r_dns_a,Domain_8c5c1e395bfd4402a8b13f0017e33cee8c70f4c4015d624fd72513634e587506,IP_4723a1321e964eb44f8e8c9f634c07984f07ef1d4fea5b848c57611066ef0db1
430395,r_dns_a,Domain_166becff89b6f5f4b86793d9e9f9737602d3af80269bc9e547b2bcbf8e77e2a8,IP_4723a1321e964eb44f8e8c9f634c07984f07ef1d4fea5b848c57611066ef0db1
430416,r_dns_a,Domain_3714b05a7f590b16c34d4ed54b6ec48a469c75df4b1f2c4ac76f18ce358e94cf,IP_4723a1321e964eb44f8e8c9f634c07984f07ef1d4fea5b848c57611066ef0db1
430438,r_dns_a,Domain_7306fe539f3b768737234fab3b5ec980fb29c6fced3a4b1c388ee3f372f0e02e,IP_4723a1321e964eb44f8e8c9f634c07984f07ef1d4fea5b848c57611066ef0db1
430462,r_dns_a,Domain_51a22f507be97746e35cc476786e61add1948e77a8923f7390c65653e1c35e71,IP_4723a1321e964eb44f8e8c9f634c07984f07ef1d4fea5b848c57611066ef0db1
430484,r_dns_a,Domain_b74b48cf6ecf8ffa30b4474f0fbb0016ccb235fab9aa1fe7ca784ab0101c9592,IP_4723a1321e964eb44f8e8c9f634c07984f07ef1d4fea5b848c57611066ef0db1
430506,r_dns_a,Domain_19e0c61209a8e83e5c8f15b37de758e5a9c5be1d5efa36851fa13f1c90131f42,IP_4723a1321e964eb44f8e8c9f634c07984f07ef1d4fea5b848c57611066ef0db1
430532,r_dns_a,Domain_ce00aca3a42dff951bfafc801e7b41f5e5aee583504b3b1a5bdb27e264806d60,IP_4723a1321e964eb44f8e8c9f634c07984f07ef1d4fea5b848c57611066ef0db1
430555,r_dns_a,Domain_2f56bdf49d05c55be142f9066e44dc4d9dc0ef68fc6fe8c01618a171c72a4b5c,IP_4723a1321e964eb44f8e8c9f634c07984f07ef1d4fea5b848c57611066ef0db1
430578,r_dns_a,Domain_fd2743bcb423ef4be94e34effd5d2d99855b03c797b3910faf270488bd7c5657,IP_4723a1321e964eb44f8e8c9f634c07984f07ef1d4fea5b848c57611066ef0db1
430603,r_dns_a,Domain_dc54b4e0b9cfb2c9c4bc1b9f28d5b0bdc2df8d34256686ebc54e66c8eaf26f9d,IP_4723a1321e964eb44f8e8c9f634c07984f07ef1d4fea5b848c57611066ef0db1
430622,r_dns_a,Domain_2a70d0651d5b1ba31043037602ca271227b425366da808973bec19a2dd668f35,IP_4723a1321e964eb44f8e8c9f634c07984f07ef1d4fea5b848c57611066ef0db1
430645,r_dns_a,Domain_5d4dac81afd5abcf8ce49cae8c9d7d219d9cbb1a6ca57efe06151eae29dfe042,IP_4723a1321e964eb44f8e8c9f634c07984f07ef1d4fea5b848c57611066ef0db1
430667,r_dns_a,Domain_e0de8a783033085852523c5b5dac8389b8901149f15c4090b4a41b8471eb4c02,IP_4723a1321e964eb44f8e8c9f634c07984f07ef1d4fea5b848c57611066ef0db1
430687,r_dns_a,Domain_3ef7674096ff8e13548caf9d3d00961ea9a1cc49e8b2da831f8d49498f3f7d49,IP_4723a1321e964eb44f8e8c9f634c07984f07ef1d4fea5b848c57611066ef0db1
430708,r_dns_a,Domain_877526f67a9c222c9a4de2856ea8d5bd5c9205b0abdd9b872ca3314e50690cf3,IP_4723a1321e964eb44f8e8c9f634c07984f07ef1d4fea5b848c57611066ef0db1
430729,r_dns_a,Domain_f72485c45cdafa8f229df1c2eca75f33a61f84ea9405f3d0ceb84c49e963f52c,IP_4723a1321e964eb44f8e8c9f634c07984f07ef1d4fea5b848c57611066ef0db1
430748,r_dns_a,Domain_1083abcf6f0d28f172a1db91e4bfd3adfd41c9b5c36e8d81e92d654dad3d5177,IP_4723a1321e964eb44f8e8c9f634c07984f07ef1d4fea5b848c57611066ef0db1
430767,r_dns_a,Domain_a4b0b071b026f6f2b5688035614d90f3b98a0f3b71016743fe4589f32ddf1d72,IP_4723a1321e964eb44f8e8c9f634c07984f07ef1d4fea5b848c57611066ef0db1
430788,r_dns_a,Domain_8ddd71d24a07651ac8ed8f7c9b29641bcb00a39b1cd060dfdee5baf91c396db9,IP_4723a1321e964eb44f8e8c9f634c07984f07ef1d4fea5b848c57611066ef0db1
430809,r_dns_a,Domain_aba0e0e3b1651e67ee889452e74bb45a1471f6acfbde530e8d342245b3520fa9,IP_4723a1321e964eb44f8e8c9f634c07984f07ef1d4fea5b848c57611066ef0db1
430833,r_dns_a,Domain_5c6d773cb00c965017f99b4c9ca811364d6719abcd55e5ccd04ff26d9d5541ba,IP_4723a1321e964eb44f8e8c9f634c07984f07ef1d4fea5b848c57611066ef0db1
430854,r_dns_a,Domain_594359994df1a762ce5260545bf94a21633593893562e248b9b7b562c4171a76,IP_4723a1321e964eb44f8e8c9f634c07984f07ef1d4fea5b848c57611066ef0db1
430874,r_dns_a,Domain_891e892442f88e3c36745072625efafdc98e23612f4f20a63cb2a3c95ca9922b,IP_4723a1321e964eb44f8e8c9f634c07984f07ef1d4fea5b848c57611066ef0db1
430897,r_dns_a,Domain_83ea059b9f5eeb584b21de44796c5d1e5cbb1378a1c5bc92a2c39e0c8f1ba90a,IP_4723a1321e964eb44f8e8c9f634c07984f07ef1d4fea5b848c57611066ef0db1
430922,r_dns_a,Domain_f732c9b1a068f892d979142cd47775f1e6aae1c710f39595fee8ff95d9407208,IP_4723a1321e964eb44f8e8c9f634c07984f07ef1d4fea5b848c57611066ef0db1
430944,r_dns_a,Domain_dfd9719e09c899d60ff4ee105c01b00e1da259943999ab29885494b6cb9eec8c,IP_4723a1321e964eb44f8e8c9f634c07984f07ef1d4fea5b848c57611066ef0db1
430966,r_dns_a,Domain_d178c51a814b99e60ea27e51d95bc25e43c10a216b73fe2f1e24161d10770163,IP_4723a1321e964eb44f8e8c9f634c07984f07ef1d4fea5b848c57611066ef0db1
430984,r_dns_a,Domain_2c4d7ff8e95787f5a0eb4888b0e7eedf4e348d21351759f954ed992ef6a93705,IP_4723a1321e964eb44f8e8c9f634c07984f07ef1d4fea5b848c57611066ef0db1
431008,r_dns_a,Domain_010d6816721adb7a0ee522fba6cef5f32f25fffbe67f958116ff17d0ce175184,IP_4723a1321e964eb44f8e8c9f634c07984f07ef1d4fea5b848c57611066ef0db1
431030,r_dns_a,Domain_dfa6612b1d24444f22228b17b95cb41711e6f383f6dd32e68bc490118a7b6914,IP_4723a1321e964eb44f8e8c9f634c07984f07ef1d4fea5b848c57611066ef0db1
431052,r_dns_a,Domain_04631e67d1327850026fa6f5433677bc2641598dcc0a3e95de6ca946aabefd7c,IP_4723a1321e964eb44f8e8c9f634c07984f07ef1d4fea5b848c57611066ef0db1
431075,r_dns_a,Domain_a9262cbafac1b308d854fe4c31279cc49b82d5383d351f0f826d1503f231c0d6,IP_4723a1321e964eb44f8e8c9f634c07984f07ef1d4fea5b848c57611066ef0db1
431096,r_dns_a,Domain_84da54827b8a4dc1f66ef111b2c83a34764171bc166232bb6e8d6fb8c7da859a,IP_4723a1321e964eb44f8e8c9f634c07984f07ef1d4fea5b848c57611066ef0db1
431120,r_dns_a,Domain_89ec266a196ae2ec83fe75d6151e96b64f8ff0eb63ff42b6babc322bbd9736f3,IP_4723a1321e964eb44f8e8c9f634c07984f07ef1d4fea5b848c57611066ef0db1
431142,r_dns_a,Domain_d33c8c13bac001d591a3464fa920460f04036d9dc643f25f58056aadcf42f259,IP_4723a1321e964eb44f8e8c9f634c07984f07ef1d4fea5b848c57611066ef0db1
431166,r_dns_a,Domain_2cf20b624a73ca874b44cfd3c44522e0118799e9575550a19310502620bfd4a1,IP_4723a1321e964eb44f8e8c9f634c07984f07ef1d4fea5b848c57611066ef0db1
431187,r_dns_a,Domain_4f4b4fabd58989f2f78821a888c7eb574f0b61b8c0212359a8e1eb827d2b539d,IP_4723a1321e964eb44f8e8c9f634c07984f07ef1d4fea5b848c57611066ef0db1
431207,r_dns_a,Domain_7860753d0de3ab2c47e71b080e4566ba87fbb676a23e742b623fd93dd11e701a,IP_4723a1321e964eb44f8e8c9f634c07984f07ef1d4fea5b848c57611066ef0db1
431228,r_dns_a,Domain_b9a00dd3afff657f28878d705aea9cc3c66ca99e0318cab77006ab9a66736cb9,IP_4723a1321e964eb44f8e8c9f634c07984f07ef1d4fea5b848c57611066ef0db1
431249,r_dns_a,Domain_665123cb6966e476a224a20f16669a38628579fc7347c1f6ae37a8f245123c70,IP_4723a1321e964eb44f8e8c9f634c07984f07ef1d4fea5b848c57611066ef0db1
431273,r_dns_a,Domain_cdc861ff902c2d9d7201d85c5c70074c3a2bbab7373c8388e64cb1d43c17d7db,IP_4723a1321e964eb44f8e8c9f634c07984f07ef1d4fea5b848c57611066ef0db1
431294,r_dns_a,Domain_35059c3903ba027ebf863b45be28f6e03eb848b0d838ca4964d48095ee0873ef,IP_4723a1321e964eb44f8e8c9f634c07984f07ef1d4fea5b848c57611066ef0db1
431318,r_dns_a,Domain_216a530f2e06c07d793815dc11affceba0ae06bacf62a74ac5972ab1bb30e07c,IP_4723a1321e964eb44f8e8c9f634c07984f07ef1d4fea5b848c57611066ef0db1
431340,r_dns_a,Domain_85f224d71faf4ce8754241095fdd0fdf81ccc1d69c23d595aebe524f07b89955,IP_4723a1321e964eb44f8e8c9f634c07984f07ef1d4fea5b848c57611066ef0db1
431360,r_dns_a,Domain_675d7101007783778a2b712684dda9f9c73e9fbfead6ccb7f469a0919d1eef6f,IP_4723a1321e964eb44f8e8c9f634c07984f07ef1d4fea5b848c57611066ef0db1
431383,r_dns_a,Domain_11fa95a7306863a2e0727d6b50d08c26a89d673fbea11195406ed5f09d11534f,IP_4723a1321e964eb44f8e8c9f634c07984f07ef1d4fea5b848c57611066ef0db1
431410,r_dns_a,Domain_8a674afac3efa3d3d122fb6c7789035a30a1aba1cbe4f74f630ab06a30b0b346,IP_4723a1321e964eb44f8e8c9f634c07984f07ef1d4fea5b848c57611066ef0db1
431432,r_dns_a,Domain_f05210663799decfe58dc94d55356c6dd0bc5fcc9a116f55cc99a5a6a00a0329,IP_4723a1321e964eb44f8e8c9f634c07984f07ef1d4fea5b848c57611066ef0db1
431455,r_dns_a,Domain_d462343779910662aba23af8e3e19aa889f6f50e98519592ca9dbbbf6d8924a3,IP_4723a1321e964eb44f8e8c9f634c07984f07ef1d4fea5b848c57611066ef0db1
438518,r_dns_a,Domain_70f30b44988bd891609e6393045b4598582f2fa248890fdf0a7f69cf4a2f0b75,IP_3a234d9df7e163676323735869f9b4f3350b5403397c55f42f90d435f5dae671
449500,r_dns_a,Domain_7a839f406f625b4ff5c3f513145837ad14dabc3be13b7b2b819b6ccd0fd625ac,IP_b1fc9978629ee1cc2b8907d910cc86b40866348b7f1cd0ebbc2159b8b32bb966
449511,r_cname,Domain_7a839f406f625b4ff5c3f513145837ad14dabc3be13b7b2b819b6ccd0fd625ac,Domain_5faa4ab5ad110aac4a334766d3c7ae7b0aa7769669d3f01fd4b470f92319bd77
450542,r_dns_a,Domain_f70cc6bc0e9cadfb844c98af964b916744ff291c65e6cc2d64f9b145e1d3b4c6,IP_b1fc9978629ee1cc2b8907d910cc86b40866348b7f1cd0ebbc2159b8b32bb966
450972,r_dns_a,Domain_11deb9a3601abe68ebb145e374792c0c33c58735cc8ecfd7a0e0c5bd8b624e5b,IP_b1fc9978629ee1cc2b8907d910cc86b40866348b7f1cd0ebbc2159b8b32bb966
451141,r_dns_a,Domain_1f3f7b76ba59f61cd12ab2ff554dcb4b3b21a4e4ccaf044b697b44f93a73f817,IP_b1fc9978629ee1cc2b8907d910cc86b40866348b7f1cd0ebbc2159b8b32bb966
451149,r_cname,Domain_1f3f7b76ba59f61cd12ab2ff554dcb4b3b21a4e4ccaf044b697b44f93a73f817,Domain_0d952951cc226cbced73df365716a8faaab651cd33b52f8ba8e38638f931cd96
451846,r_cname,Domain_7fa17894077536329817afac1018ff6b3f926721b02a3ed1d6947cb0088c5dc6,Domain_5bf1281c1c4a0d5350100e0c255960508ae85dd561d6bc5d102c59b88d6d8d60
452093,r_dns_a,Domain_7b25cd21c795e882d264986f6dfcbff6736631ce8db714aa26fcf58784e88f52,IP_b1fc9978629ee1cc2b8907d910cc86b40866348b7f1cd0ebbc2159b8b32bb966
452956,r_dns_a,Domain_1330c456c823cd01f002ef9678425a8ce9769a0dc90db455e70ef6c1e9a6142a,IP_64cb3d6e3a5bef52cd49bb0e870d4343e3f3b3d6a0bea978e9915ae635858023
452973,r_cname,Domain_1330c456c823cd01f002ef9678425a8ce9769a0dc90db455e70ef6c1e9a6142a,Domain_8b41fa24ba8e4acef244a40415e8748100e795e1c344078ca2f89a2365594e25
452982,r_cert,Domain_1330c456c823cd01f002ef9678425a8ce9769a0dc90db455e70ef6c1e9a6142a,Cert_fe794a69eacd63b21245bf4eda826222fc6c5862bebf77aa05459cb308cfd063
453385,r_cname,Domain_5a61529c2decb59c12bd5199fe5b757e50e7485ca1d70de723f37c38929a5d90,Domain_5006e400777d518d9d88dd49358c1c0eab6f78d4c587c051f60da596efaca6a5
453625,r_cname,Domain_2384c119e83ee4653a16269c54833d0bdc7a83cf500c8407f6c7f0a9494260d6,Domain_e750a28fb53ab137d5491c0fb4261a18eddbdcc8dfca16b58f5af2758db28869
457059,r_cert,Domain_ba4a5426de616eb691b2177801e6c5591e346fc201807e0144e31ec1443c8a66,Cert_fe794a69eacd63b21245bf4eda826222fc6c5862bebf77aa05459cb308cfd063
458322,r_cname,Domain_35993ddcf0fc04077c271ed58cc7e63bd81ab6b8cf9d893c7e9fe166cc592f00,Domain_dec635f86b7c083bc91f33eebb99972e062368540b5b294e19a35460e44892a4
458333,r_cert,Domain_35993ddcf0fc04077c271ed58cc7e63bd81ab6b8cf9d893c7e9fe166cc592f00,Cert_fe794a69eacd63b21245bf4eda826222fc6c5862bebf77aa05459cb308cfd063
459235,r_subdomain,Domain_f71a00b309cb10197988a9984ec92b11179c61432e3c673e4052892a7d52d3f5,Domain_1f99192e623bd71833dff43602c689b0e757250f8a13224fa64473e24ea9e86a
459258,r_cname,Domain_f71a00b309cb10197988a9984ec92b11179c61432e3c673e4052892a7d52d3f5,Domain_9671c0e605fb9b2544a2288d59a82369b3218e2a23f3eaa9c726a12627d6590d
459268,r_cert,Domain_f71a00b309cb10197988a9984ec92b11179c61432e3c673e4052892a7d52d3f5,Cert_fe794a69eacd63b21245bf4eda826222fc6c5862bebf77aa05459cb308cfd063
459352,r_subdomain,Domain_5b6302f47de7f9a8cc15bbb9e3bcd6cd60cbc0ad645e482be4a4f77953949ad8,Domain_5524ce31129787ec82d58950b6730e017b9f4daa07eb48ee4ecf012f2890c4a1
459381,r_cname,Domain_5b6302f47de7f9a8cc15bbb9e3bcd6cd60cbc0ad645e482be4a4f77953949ad8,Domain_28d08ca074479acf1949c6ee4ec4fc4f5b3f863e6cbf2573a8d49aa70b29be0e
459400,r_whois_email,Domain_5b6302f47de7f9a8cc15bbb9e3bcd6cd60cbc0ad645e482be4a4f77953949ad8,Whois_Email_c9c7ea7cb52bbdd14ec2956be0d3f72dac6f38d88b2724043e69bbed516bb355
459404,r_subdomain,Domain_6a5e67a534a9563a753a0fe4abdc6d2fea7401d2b7c1443a34b95ae137847822,Domain_54076fc901a9220d6ca4d39d10ac55817d98a8bfa3431da85cbc5b9d74c3ecee
459419,r_whois_name,Domain_5b6302f47de7f9a8cc15bbb9e3bcd6cd60cbc0ad645e482be4a4f77953949ad8,Whois_Name_e14e3dda5d38126e9a7a18af5acf83b99f87538ecd8e256671521e1c0c7c52bf
459430,r_cert,Domain_5b6302f47de7f9a8cc15bbb9e3bcd6cd60cbc0ad645e482be4a4f77953949ad8,Cert_fe794a69eacd63b21245bf4eda826222fc6c5862bebf77aa05459cb308cfd063
459456,r_subdomain,Domain_90174508419d83cbd6b8070a47a2e35fb0bb09639df23e4fbfa678011ecaa3a7,Domain_6d0015741fcab1bbffb07140548753277ca80231f79e7d09c97be3caba5c1361
459504,r_subdomain,Domain_b90a7d7165d563fe5dbf58196c2231a3c5cb9d77594e9518380c9eae8d7e379f,Domain_0a6131045e62be7d722bc722ac29e189ebeb6b923130847d98e1a893cdfad3d0
459524,r_subdomain,Domain_285327e3bc17ee0ecbfe0128e57c1f89b1707b997f11fe4b6ea89130817d2dab,Domain_ba5be68fc3a09facf97aa709972ed91e2c574a532d13f1981edea8770d0fd801
459526,r_subdomain,Domain_ea74178e95e984c1eb8092efd526ee8b99d816b8c5c78e4dd67cafad4e788656,Domain_eb1db69a9953c71f353167c08c07a3939270a976cf54c31aa2a28f29baa7a7d6
459537,r_subdomain,Domain_285327e3bc17ee0ecbfe0128e57c1f89b1707b997f11fe4b6ea89130817d2dab,Domain_8eaf2d1fa6ff640a82071fe41514810f3e37dc1a507bc001404eb93bb1e1b378
459566,r_cname,Domain_285327e3bc17ee0ecbfe0128e57c1f89b1707b997f11fe4b6ea89130817d2dab,Domain_d245fed6b5147a5c3741d26560f9bcb4845389f476429e19958ddb216aef1e66
459578,r_subdomain,Domain_fd8c06d160a8fb02be211cafe9660f8b8a9ad931a46b846b21b13a149a8f1a2f,Domain_a7a932832e2dcf9077d00a84d8205b679e5b0ba8e86673d76ff04c8ac4fad8f0
459580,r_cert,Domain_285327e3bc17ee0ecbfe0128e57c1f89b1707b997f11fe4b6ea89130817d2dab,Cert_fe794a69eacd63b21245bf4eda826222fc6c5862bebf77aa05459cb308cfd063
459641,r_subdomain,Domain_edf90c57a955e0581446a935443c1840baa47ce904443da31d0b005e78dc7dec,Domain_e492cd186514b287e32b15b81b36e70867e4e35d2494c2bb789db086f83e568f
459682,r_subdomain,Domain_bbe03607681faa76638abaea6975858bef27c02b42b80f0a246c030c5f1b0cad,Domain_cc3fd87935af929e1f889806ee377757dab2d7f30486204b16ee03346c7c28d9
459715,r_subdomain,Domain_a078e24fcd052497818492cd60282086a26d435ca98e309abb95ab3677fefde4,Domain_0d09fa8e9468fb41ab5cd46dd38809407810e19bd7dd124fc999751dc2b04cc3
459764,r_subdomain,Domain_c2993d390f5cc7349b6e5ed1edf82253d27295f465235cf42f76624856ddf899,Domain_df096b57d25281a77b5aef795397ab2f0893369adcd2b0463c7064d9c5cd1431
459814,r_subdomain,Domain_7c2b003a8e1498d3ee20307ee563453af431b65addbd759c155cc8a1227879c7,Domain_37e72368e2d5f60aa4eaf0b56fad59abb538a1c98fa94e3c03837c7447a8e6c5
459833,r_whois_name,Domain_7c2b003a8e1498d3ee20307ee563453af431b65addbd759c155cc8a1227879c7,Whois_Name_7087fe680a421d5d95f193d7e318e7c542859c84d00251b619c962b64eeae976
459840,r_whois_phone,Domain_7c2b003a8e1498d3ee20307ee563453af431b65addbd759c155cc8a1227879c7,Whois_Phone_a90f1b5b16bbef360811f43fbe6d91cc99de63bbbd8108641be001e9f17db097
459854,r_subdomain,Domain_206c1851cc5a0d00de5284defa49cf5b53ba5d12d4681589184b45559931e6f4,Domain_d7940d8d479865eaa0aea3026323fcf739687ff4513d305802df25388eabe26b
459893,r_subdomain,Domain_5ea2038085ad3f2e46e1fa3b401cf03638d559a540436d6c8ec5ce5fa28bfd93,Domain_2616283b7b613d52388c4a40733d8babe4d79a2cab508d04fec92c2ac75aec2a
459942,r_subdomain,Domain_a90ffbccffb50ebdf5bbbcd93abc4400e8cf45798c817fba52176ecf7c67d985,Domain_c4397497ab680db4ee8216542a025889e440f1bf96c08fc5f2993b2a9c760168
460110,r_subdomain,Domain_6de021505a46acba21fc78ef4ef6956bd87ba3a8a0fb7aa25513a86fa979891b,Domain_fee7373818a745e122524315723cdc1a6cb246e0d7cc0d2685eb149ad0ff6786
460131,r_whois_name,Domain_6de021505a46acba21fc78ef4ef6956bd87ba3a8a0fb7aa25513a86fa979891b,Whois_Name_7087fe680a421d5d95f193d7e318e7c542859c84d00251b619c962b64eeae976
460140,r_whois_phone,Domain_6de021505a46acba21fc78ef4ef6956bd87ba3a8a0fb7aa25513a86fa979891b,Whois_Phone_a90f1b5b16bbef360811f43fbe6d91cc99de63bbbd8108641be001e9f17db097
460151,r_whois_email,Domain_6de021505a46acba21fc78ef4ef6956bd87ba3a8a0fb7aa25513a86fa979891b,Whois_Email_70f7eadc66a80e1a464d86c51b53de341662ba1b229f643486c8180f9e4d9d6c
460153,r_subdomain,Domain_f2f815811bd4e8649cea57a0b100bde8d698b4793f21129f0384fda7d42d710e,Domain_0d408191af40c8f3ce9be051708d1290461e31400d986d11d24f477c0eea9adf
460211,r_subdomain,Domain_a9efa5abdf5accb6a74ec2375996022f1a24ad190bf11e9067e055354b8aee41,Domain_8c1af1b05f20af860f0d4370cb95921e4b49caf7d70dac69235e79645c8b82e6
460249,r_subdomain,Domain_24893690874c677706e90178016068024212d6430ed2c32001d4be9cdbedecbc,Domain_481c2ce0346c89bdb50f71ffc0eccd09e620e38c4df1fbe5632449349c68d272
460338,r_subdomain,Domain_4ac4a46c40060db82d375f37c5754e1412c5891191ca9671a8e712873c4e65fc,Domain_d12261adb9d8b6c92f9b1631e71f650b2a3f76f301e2f405073c6902474c236d
460889,r_subdomain,Domain_70b59b5bfa165b319565885b3c4abba8e150a9ec5b6e7cd7124cf86f7c54dcbe,Domain_e0da0137ae14ae316fdf0e87d1e570d9ab290239977fd81d481f2f5b69eb3b60
460910,r_whois_name,Domain_70b59b5bfa165b319565885b3c4abba8e150a9ec5b6e7cd7124cf86f7c54dcbe,Whois_Name_f3089739ee068dcfc44cbbf9c6da8c45336ca1e348d434742bf7d4d1dd39bf84
460922,r_whois_phone,Domain_70b59b5bfa165b319565885b3c4abba8e150a9ec5b6e7cd7124cf86f7c54dcbe,Whois_Phone_4d00a6e7dfe0d9924254378a797dc295d6498df98db72738f75ac2dc8ac05ece
460936,r_whois_email,Domain_70b59b5bfa165b319565885b3c4abba8e150a9ec5b6e7cd7124cf86f7c54dcbe,Whois_Email_70f7eadc66a80e1a464d86c51b53de341662ba1b229f643486c8180f9e4d9d6c
486442,r_dns_a,Domain_cecd82ef736e88bbcba8280c5698ab4e83e1f5ca0023b917442fd38f8b93e118,IP_f1828fb74716533602abf2078fb47100468a861706b94fe1e7b4b8aa3755b0cb
486500,r_dns_a,Domain_a3d5b79b711d9850c1b1ab22b7af8fde017350b3eb3b0647442982c24d43a01d,IP_f1828fb74716533602abf2078fb47100468a861706b94fe1e7b4b8aa3755b0cb
486572,r_dns_a,Domain_1f0bceb9fe6656a2bc76d8ed44d9ea1bb962d303cc53e1e5f27422ed13705ec8,IP_f1828fb74716533602abf2078fb47100468a861706b94fe1e7b4b8aa3755b0cb
486634,r_dns_a,Domain_d7e3830991cd8a1e7393c6d4908c82d75f9a5783c7a4751c4cf9225dd70ab641,IP_f1828fb74716533602abf2078fb47100468a861706b94fe1e7b4b8aa3755b0cb
486699,r_dns_a,Domain_7da173a2c3c17de58c24bf38a8df9860decdc1f805dad08c3ba176d24d1fdda1,IP_f1828fb74716533602abf2078fb47100468a861706b94fe1e7b4b8aa3755b0cb
486773,r_dns_a,Domain_ec7e5fdcf2ebff1d6de0aa5f86364878ca85d5f00f581cddc6027c4dc126ded0,IP_f1828fb74716533602abf2078fb47100468a861706b94fe1e7b4b8aa3755b0cb
486830,r_dns_a,Domain_b393e5a5ea4642cc33ac6807003fe73fc3f2cfd17d3a12d0f944bff6824e13d4,IP_f1828fb74716533602abf2078fb47100468a861706b94fe1e7b4b8aa3755b0cb
486914,r_dns_a,Domain_def0225efa109d84095f94b181723fe1ede891fab4825053a745808ff7177a16,IP_f1828fb74716533602abf2078fb47100468a861706b94fe1e7b4b8aa3755b0cb
486985,r_dns_a,Domain_b05d9527db4a7b166ef37dde90dffe4dfcd08a968806845002976fef8f01d7d1,IP_f1828fb74716533602abf2078fb47100468a861706b94fe1e7b4b8aa3755b0cb
487053,r_dns_a,Domain_c0a89f32039204eb718708781536e7174155d55cd1cd7ccd388580d23ce18ded,IP_f1828fb74716533602abf2078fb47100468a861706b94fe1e7b4b8aa3755b0cb
487291,r_dns_a,Domain_6aada3820811403add3d31aac3e8e6a65ea3bdda7238435705d12f65919ad622,IP_f1828fb74716533602abf2078fb47100468a861706b94fe1e7b4b8aa3755b0cb
487293,r_dns_a,Domain_1571a8d9928cf2bf7f8d7184f2b4ca94d41cbb31db8db1f8bc9034782954fef4,IP_f1828fb74716533602abf2078fb47100468a861706b94fe1e7b4b8aa3755b0cb
487296,r_dns_a,Domain_92fe3473538090971252979164c46c6039121ac7aea65f76d0fc27c33f4bdcb2,IP_f1828fb74716533602abf2078fb47100468a861706b94fe1e7b4b8aa3755b0cb
487353,r_dns_a,Domain_9fb0be1b09aae696eb95aa410d6a7a9fe3a99c07aae470b0b13c58586423fe36,IP_f1828fb74716533602abf2078fb47100468a861706b94fe1e7b4b8aa3755b0cb
487425,r_dns_a,Domain_2d8870ab531af77ff48512c9e4249df05f336726c99bdd3e2783887865365b48,IP_f1828fb74716533602abf2078fb47100468a861706b94fe1e7b4b8aa3755b0cb
487500,r_dns_a,Domain_4b4717dad72dfa8b241cd15225a677b5aab040a8dfd9ff47f0f18d795fca7651,IP_f1828fb74716533602abf2078fb47100468a861706b94fe1e7b4b8aa3755b0cb
487571,r_dns_a,Domain_eae267968c69e608d8d365d68ac980e0213edc07d1b480951b7b9cc8ae5cd1b4,IP_f1828fb74716533602abf2078fb47100468a861706b94fe1e7b4b8aa3755b0cb
487641,r_dns_a,Domain_6b23355ca0e63ec4168b04cb7ddab04f93d395b8b7986b40aaa611ee0e21b15e,IP_f1828fb74716533602abf2078fb47100468a861706b94fe1e7b4b8aa3755b0cb
487717,r_dns_a,Domain_c5beb41af2136c70c49fcc839de9a1388c80d649f1835bd309e404516327aa19,IP_f1828fb74716533602abf2078fb47100468a861706b94fe1e7b4b8aa3755b0cb
487772,r_dns_a,Domain_e468cc70a04dc7c08bbc9eebd4cc3a97b748a2d2832fb8f529377461f91c80dc,IP_f1828fb74716533602abf2078fb47100468a861706b94fe1e7b4b8aa3755b0cb
487840,r_dns_a,Domain_f5326cc001afc08d7d8f80743ebad0a22f86a27183bb88fcb2bac4ec82bcf55a,IP_f1828fb74716533602abf2078fb47100468a861706b94fe1e7b4b8aa3755b0cb
487914,r_dns_a,Domain_699134b9f4b32b8c437f3f228f86426a767b968d192d3b5adc45e9c43398c189,IP_f1828fb74716533602abf2078fb47100468a861706b94fe1e7b4b8aa3755b0cb
487978,r_dns_a,Domain_1806f1037f61e0dbb379933210722d29d4ffc9716f414baeb9ba71706e43fb77,IP_f1828fb74716533602abf2078fb47100468a861706b94fe1e7b4b8aa3755b0cb
488048,r_dns_a,Domain_f0d1e10201f828fe0c4dd774e9843b478141a986aeb77033b0160b8c00c85a6e,IP_f1828fb74716533602abf2078fb47100468a861706b94fe1e7b4b8aa3755b0cb
488100,r_dns_a,Domain_59824ca5d3abcb8384c5bee456a7d9749884e602eb09b33862a94d5f85ce2837,IP_f1828fb74716533602abf2078fb47100468a861706b94fe1e7b4b8aa3755b0cb
498440,r_dns_a,Domain_8e9fa53ecaea07ec0af0963100f24cd42fa1c9366822c217a5a74ea16c5ba520,IP_5e9c7c67ebe8d16a7c644fa530f5378163399d0a5a0bc0401cd3dae83a910efd
498454,r_cname,Domain_8e9fa53ecaea07ec0af0963100f24cd42fa1c9366822c217a5a74ea16c5ba520,Domain_4b3d8c4e4a7f2c4bfccc2e065836d45344e7e2abfba61f3816d088dcfbf994af
559315,r_dns_a,Domain_8071dd37fde543c3bb1daaab06490c3e0ca2972922bf38b7d115ea543aefc37e,IP_5e9c7c67ebe8d16a7c644fa530f5378163399d0a5a0bc0401cd3dae83a910efd
1509031,r_cert_chain,Cert_dc431f598626208a6dbce2492e104b86f7fade757f2b56ab2453456d58ad1c34,Cert_a91593a45b6eceaae2a0478cc243543184d325720bc3f19f91982450b6af57e2
1509108,r_cert,Domain_59374c36861d1412b78e9caeb3e9e4b8af0c718d7c0872f6c929ace711d001ff,Cert_dc431f598626208a6dbce2492e104b86f7fade757f2b56ab2453456d58ad1c34
1509122,r_cert,Domain_ba7969865aa6d9721d6e2c2dd2d764431407da74b1a49c929354ee996d2223d0,Cert_dc431f598626208a6dbce2492e104b86f7fade757f2b56ab2453456d58ad1c34
1509198,r_cert,Domain_b9183bd54cb8fd236218d6780c28b4f92f693000c820bd2523c362c43ff78576,Cert_dc431f598626208a6dbce2492e104b86f7fade757f2b56ab2453456d58ad1c34
1509420,r_cert,Domain_7f14dc51cd9aa5668f0a4a2d503ed2876773d4facc2931d9c22b1d105a384225,Cert_dc431f598626208a6dbce2492e104b86f7fade757f2b56ab2453456d58ad1c34
1509476,r_cert,Domain_a13b351d30b3323d7ffc2581b4413831f2c6e90490934d11cb9c07fa2d348b43,Cert_dc431f598626208a6dbce2492e104b86f7fade757f2b56ab2453456d58ad1c34
1509535,r_cert,Domain_19e976046f1c9710e987730c5c449caeaf36e7da8290c864cafcb7fce69a94fa,Cert_dc431f598626208a6dbce2492e104b86f7fade757f2b56ab2453456d58ad1c34
1509618,r_cert,Domain_43e30b5c6cb8dc3a9b79a96904239d0f9f180c3ea6de3760878d4c57ecfda1a8,Cert_dc431f598626208a6dbce2492e104b86f7fade757f2b56ab2453456d58ad1c34
1509732,r_cert,Domain_d2a4f3d9dae877a5d7becd6dde9cc18d713761c6164db39d13e43ebec8daaad3,Cert_dc431f598626208a6dbce2492e104b86f7fade757f2b56ab2453456d58ad1c34
1509742,r_cert,Domain_35ea8642de339a130e90c525e16ab7814fb28a7aa0a54ac71390fe68584a8c14,Cert_dc431f598626208a6dbce2492e104b86f7fade757f2b56ab2453456d58ad1c34
1509755,r_cert,Domain_7b2480836ba1de3a75b91c7f387234f0247e05b8dfb92e1886acc310773b4083,Cert_dc431f598626208a6dbce2492e104b86f7fade757f2b56ab2453456d58ad1c34
1509768,r_cert,Domain_f1438d2bc7a573c74542802436456eb48cbf660529f50cd43f41e18605f5807b,Cert_dc431f598626208a6dbce2492e104b86f7fade757f2b56ab2453456d58ad1c34
1509970,r_cert,Domain_10dba5c8bb5483ff97d742f7e9b970db7ed4ecfbab2bbc20920e1cb5be89f1cf,Cert_dc431f598626208a6dbce2492e104b86f7fade757f2b56ab2453456d58ad1c34
1509986,r_cert,Domain_9c03c9613a1cc811e82d9f84617ba6b0a490743afb5d926b58b42c751393a4dc,Cert_dc431f598626208a6dbce2492e104b86f7fade757f2b56ab2453456d58ad1c34
1510045,r_cert,Domain_95f16582b9b1e5a5e58bd0dad80fb0836237829924bba1e768bbc8d91c6c37e1,Cert_dc431f598626208a6dbce2492e104b86f7fade757f2b56ab2453456d58ad1c34
1510307,r_cert,Domain_6bd049099679b6bab47aac473d1d7a0160b56c1bad7955cfeb96ac1ef491b6fc,Cert_dc431f598626208a6dbce2492e104b86f7fade757f2b56ab2453456d58ad1c34
1510318,r_cert,Domain_d2b73e23ea0bf8ad6599383f13f2413fd3b4feeff3f7bafde29d8ec06fa6b051,Cert_dc431f598626208a6dbce2492e104b86f7fade757f2b56ab2453456d58ad1c34
1702419,r_cname,Domain_3ca17f3b57a34cb7049b90ee47f33031fbb54148ba77ad6af24c499d55f14b76,Domain_a9262cbafac1b308d854fe4c31279cc49b82d5383d351f0f826d1503f231c0d6
1702436,r_subdomain,Domain_2e2ed935732c3ce357ce9b9d934cb3168a6edc677d5583e071c5d586fab7d9f7,Domain_3ca17f3b57a34cb7049b90ee47f33031fbb54148ba77ad6af24c499d55f14b76
1702576,r_cname,Domain_09ddc678291b798d1749444604410a6a1604840825f3bcb17ba8edf35e6c0a18,Domain_a9262cbafac1b308d854fe4c31279cc49b82d5383d351f0f826d1503f231c0d6
1702592,r_subdomain,Domain_2e2ed935732c3ce357ce9b9d934cb3168a6edc677d5583e071c5d586fab7d9f7,Domain_09ddc678291b798d1749444604410a6a1604840825f3bcb17ba8edf35e6c0a18
1702734,r_subdomain,Domain_2e2ed935732c3ce357ce9b9d934cb3168a6edc677d5583e071c5d586fab7d9f7,Domain_b5c1e78f290180da8a3e9dd975bb1b7733b68c8cb23fc2ff7880aa0b95206c2b
1702800,r_subdomain,Domain_2e2ed935732c3ce357ce9b9d934cb3168a6edc677d5583e071c5d586fab7d9f7,Domain_3f69f063e51ceb52751477434d6d0c16b536bfd4aea4267537891bd0763bb0e8
1703291,r_subdomain,Domain_2e2ed935732c3ce357ce9b9d934cb3168a6edc677d5583e071c5d586fab7d9f7,Domain_4798462728f8a04edd8aa1f7000d9188543c1bc896021eddd0cb15082028b943
1703360,r_subdomain,Domain_2e2ed935732c3ce357ce9b9d934cb3168a6edc677d5583e071c5d586fab7d9f7,Domain_73817b1ed0146f1f3e777d662ad5ed258aae1f6d2083d5e1dd3417a520d9195a
1703412,r_subdomain,Domain_2e2ed935732c3ce357ce9b9d934cb3168a6edc677d5583e071c5d586fab7d9f7,Domain_b0f0e27be12cbe96b09eb7dce2d4528b0613d4c02268decbd6654bc67b154069
1703466,r_subdomain,Domain_0b5bc78d58cf2ab99165acfb3684e2ccc44d4a1a75c782611521114c6c91700d,Domain_5d4dac81afd5abcf8ce49cae8c9d7d219d9cbb1a6ca57efe06151eae29dfe042
1703505,r_whois_email,Domain_0b5bc78d58cf2ab99165acfb3684e2ccc44d4a1a75c782611521114c6c91700d,Whois_Email_58cfa23799d1fff08b1b0fa5a33d3f68f328dc8e920c93b89ed8128fb1abfd19
1703600,r_subdomain,Domain_2e2ed935732c3ce357ce9b9d934cb3168a6edc677d5583e071c5d586fab7d9f7,Domain_b3f860f63c35dd94ab484531209f11a364a9bb2657b213ff4c86560a9f462ff8
1721288,r_subdomain,Domain_70f30b44988bd891609e6393045b4598582f2fa248890fdf0a7f69cf4a2f0b75,Domain_604eeed6007276490255d71f7ace037f5248d6f12e44a1c6f4b91a0fdb2c58ff
1721300,r_subdomain,Domain_70f30b44988bd891609e6393045b4598582f2fa248890fdf0a7f69cf4a2f0b75,Domain_67b14144a8be24916d79e5d65d470684726c2527f00027c350832db813721962
1721312,r_subdomain,Domain_70f30b44988bd891609e6393045b4598582f2fa248890fdf0a7f69cf4a2f0b75,Domain_ce4174cda1ef73f4911d0208e5dbab7143de763816214c0166265aa9830019b8
1721327,r_subdomain,Domain_70f30b44988bd891609e6393045b4598582f2fa248890fdf0a7f69cf4a2f0b75,Domain_493f395caa99f589f7a576f80bdd89ca9105f3680e0b0c40accc1acd492d2650
1721343,r_subdomain,Domain_70f30b44988bd891609e6393045b4598582f2fa248890fdf0a7f69cf4a2f0b75,Domain_ff606c48cc62fba5b78c67c5df006f3fb63bfb1f445dce70cffae44309137f3e
1721356,r_subdomain,Domain_70f30b44988bd891609e6393045b4598582f2fa248890fdf0a7f69cf4a2f0b75,Domain_b7373d3eef5dda296cba8c3c646af0c8a96865b0103418bd28ab98f02ad9f9ea
1721366,r_subdomain,Domain_70f30b44988bd891609e6393045b4598582f2fa248890fdf0a7f69cf4a2f0b75,Domain_dbf8d24bf53ac76b3e65fdbced0f5f988068a76f87b251b68f553168d80eec80
1721376,r_subdomain,Domain_70f30b44988bd891609e6393045b4598582f2fa248890fdf0a7f69cf4a2f0b75,Domain_cd2961046cb4b3b28c1f02b55c6a776bf8431da1e54c46c3911353159bc2df76
1721389,r_subdomain,Domain_70f30b44988bd891609e6393045b4598582f2fa248890fdf0a7f69cf4a2f0b75,Domain_97c3a09e78ad356a2242e4c7e30035ae9d359972af5cf46cd761991303e3bdb2
1721397,r_subdomain,Domain_70f30b44988bd891609e6393045b4598582f2fa248890fdf0a7f69cf4a2f0b75,Domain_b1dc3fea7dbed6250b634126d4eb03a0b66844a030d916043a9d331b49c9283a
1721407,r_subdomain,Domain_70f30b44988bd891609e6393045b4598582f2fa248890fdf0a7f69cf4a2f0b75,Domain_dea1096888edebd8933aff95a3cec23c510c7c76a16907e484296a8de66c27b6
1721421,r_subdomain,Domain_70f30b44988bd891609e6393045b4598582f2fa248890fdf0a7f69cf4a2f0b75,Domain_562754395b9b3e06b4a357a6f3c2e24bec7b03e39a3bdd8f35b006aef891c0e0
1721432,r_subdomain,Domain_70f30b44988bd891609e6393045b4598582f2fa248890fdf0a7f69cf4a2f0b75,Domain_83df6a812a7675919db028d82da3cdf82f8ddbaf47246ec5eec69a732edb6a18
1721441,r_subdomain,Domain_70f30b44988bd891609e6393045b4598582f2fa248890fdf0a7f69cf4a2f0b75,Domain_c414531738d74abc621640d199389be44d2ece6411edbaf65bfcf8a5045a374f
1721460,r_cname,Domain_70f30b44988bd891609e6393045b4598582f2fa248890fdf0a7f69cf4a2f0b75,Domain_946f8e1790b8b568b2d04c60ca29260eeda3101add6aa44379a08a2c64a2a2a1
1721470,r_whois_name,Domain_70f30b44988bd891609e6393045b4598582f2fa248890fdf0a7f69cf4a2f0b75,Whois_Name_e2709ae9545ab6ae56767548559e3754109f2651146dda0f8f27c85395c42685
1721477,r_cert,Domain_70f30b44988bd891609e6393045b4598582f2fa248890fdf0a7f69cf4a2f0b75,Cert_fe794a69eacd63b21245bf4eda826222fc6c5862bebf77aa05459cb308cfd063
1728918,r_dns_a,Domain_b8189fcf15bd116a0ba58137199bb2daa482c4afbf34f2048f96c4c475acce14,IP_b78286a3905e07ae90afcb0b1550ee451ddaceee4c64bafb78278d01fdb27a9b
1728932,r_cert,Domain_b8189fcf15bd116a0ba58137199bb2daa482c4afbf34f2048f96c4c475acce14,Cert_fe794a69eacd63b21245bf4eda826222fc6c5862bebf77aa05459cb308cfd063
1731883,r_subdomain,Domain_5a61529c2decb59c12bd5199fe5b757e50e7485ca1d70de723f37c38929a5d90,Domain_729f9779fefdaa89ee0e65a92fbdb5d74220c3fb6cd61a23fbc8829d8ea777a1
1746613,r_dns_a,Domain_7fa17894077536329817afac1018ff6b3f926721b02a3ed1d6947cb0088c5dc6,IP_64cb3d6e3a5bef52cd49bb0e870d4343e3f3b3d6a0bea978e9915ae635858023
1750327,r_subdomain,Domain_5a61529c2decb59c12bd5199fe5b757e50e7485ca1d70de723f37c38929a5d90,Domain_a9078cfa03c30f14499e8b6dc8a698399d1e722d9935512e9c83dd22044e946c
1750343,r_dns_a,Domain_5a61529c2decb59c12bd5199fe5b757e50e7485ca1d70de723f37c38929a5d90,IP_64cb3d6e3a5bef52cd49bb0e870d4343e3f3b3d6a0bea978e9915ae635858023
1750421,r_dns_a,Domain_a9078cfa03c30f14499e8b6dc8a698399d1e722d9935512e9c83dd22044e946c,IP_64cb3d6e3a5bef52cd49bb0e870d4343e3f3b3d6a0bea978e9915ae635858023
1750978,r_dns_a,Domain_2384c119e83ee4653a16269c54833d0bdc7a83cf500c8407f6c7f0a9494260d6,IP_64cb3d6e3a5bef52cd49bb0e870d4343e3f3b3d6a0bea978e9915ae635858023
1751030,r_dns_a,Domain_2e2ed935732c3ce357ce9b9d934cb3168a6edc677d5583e071c5d586fab7d9f7,IP_64cb3d6e3a5bef52cd49bb0e870d4343e3f3b3d6a0bea978e9915ae635858023
1757347,r_dns_a,Domain_223c23194696388f25c546f13d579f49cd4905874f8e3b6ea8d44288f0407f59,IP_64cb3d6e3a5bef52cd49bb0e870d4343e3f3b3d6a0bea978e9915ae635858023
1757359,r_cname,Domain_223c23194696388f25c546f13d579f49cd4905874f8e3b6ea8d44288f0407f59,Domain_d6f16b9c9e13b815977200c351805b69bfe6dd718d88e6b0d776ed5fee8c4e14
1757373,r_cert,Domain_223c23194696388f25c546f13d579f49cd4905874f8e3b6ea8d44288f0407f59,Cert_fe794a69eacd63b21245bf4eda826222fc6c5862bebf77aa05459cb308cfd063
1758330,r_dns_a,Domain_684dbc0ed7335eaf61e9e764c358ef912a311ca56dfbc98544a905f97ca31fc3,IP_64cb3d6e3a5bef52cd49bb0e870d4343e3f3b3d6a0bea978e9915ae635858023
1758350,r_cname,Domain_684dbc0ed7335eaf61e9e764c358ef912a311ca56dfbc98544a905f97ca31fc3,Domain_7db781bbbf46a08481df61068974a0b55c5c8fc682efe9cfe6235ea85968e0dd
1758368,r_cert,Domain_684dbc0ed7335eaf61e9e764c358ef912a311ca56dfbc98544a905f97ca31fc3,Cert_fe794a69eacd63b21245bf4eda826222fc6c5862bebf77aa05459cb308cfd063
1759781,r_dns_a,Domain_c2aa1ebb587b61bd7e71b72ad325d4a13e6ffcbf1f8443b5626ee2a979f3ab46,IP_64cb3d6e3a5bef52cd49bb0e870d4343e3f3b3d6a0bea978e9915ae635858023
1759794,r_cname,Domain_c2aa1ebb587b61bd7e71b72ad325d4a13e6ffcbf1f8443b5626ee2a979f3ab46,Domain_40401f3100495a799b52b527e4ad016773547b1c7b1e91e0d076b7fb62c60f4c
1759807,r_cert,Domain_c2aa1ebb587b61bd7e71b72ad325d4a13e6ffcbf1f8443b5626ee2a979f3ab46,Cert_dc431f598626208a6dbce2492e104b86f7fade757f2b56ab2453456d58ad1c34
1760328,r_dns_a,Domain_a044646a7adbeedff44064671e26b44bef7b550a85c3838d21836121be310999,IP_64cb3d6e3a5bef52cd49bb0e870d4343e3f3b3d6a0bea978e9915ae635858023
1760349,r_cname,Domain_a044646a7adbeedff44064671e26b44bef7b550a85c3838d21836121be310999,Domain_56caaa119b4491bff7999ddb1ed1ad745f3749202ea9adb99258c4898b23e7a8
1760373,r_cert,Domain_a044646a7adbeedff44064671e26b44bef7b550a85c3838d21836121be310999,Cert_fe794a69eacd63b21245bf4eda826222fc6c5862bebf77aa05459cb308cfd063
1760880,r_dns_a,Domain_b8bba90caf9b1b1d2e5d1c75f1bbc68cf852cbd8715c492736d5c09e388f5e85,IP_64cb3d6e3a5bef52cd49bb0e870d4343e3f3b3d6a0bea978e9915ae635858023
1760894,r_cname,Domain_b8bba90caf9b1b1d2e5d1c75f1bbc68cf852cbd8715c492736d5c09e388f5e85,Domain_18e516ddb0bbd0f7304c8d2b1fb89b7f993024f9fd98b16a7df4de928bae6f32
1760908,r_cert,Domain_b8bba90caf9b1b1d2e5d1c75f1bbc68cf852cbd8715c492736d5c09e388f5e85,Cert_fe794a69eacd63b21245bf4eda826222fc6c5862bebf77aa05459cb308cfd063
1761555,r_dns_a,Domain_e6fcc192e17cb51c6a92ab4b9aa081aa595eee1ec1b62d84d5c752c4ef17d6cd,IP_64cb3d6e3a5bef52cd49bb0e870d4343e3f3b3d6a0bea978e9915ae635858023
1761581,r_cert,Domain_e6fcc192e17cb51c6a92ab4b9aa081aa595eee1ec1b62d84d5c752c4ef17d6cd,Cert_fe794a69eacd63b21245bf4eda826222fc6c5862bebf77aa05459cb308cfd063
1761645,r_dns_a,Domain_aecd334a44adcf2a588f80728f09800801a88637275853f9f2971b6e2754148a,IP_64cb3d6e3a5bef52cd49bb0e870d4343e3f3b3d6a0bea978e9915ae635858023
1761662,r_cname,Domain_aecd334a44adcf2a588f80728f09800801a88637275853f9f2971b6e2754148a,Domain_6a4c22f6188389ea071fab8252634d33767f124d88073fa14f3a22ae563d87a2
1762564,r_dns_a,Domain_6fb68a90f63e5da7824d0c6dfe8a65ef2629f0371facdd0e1cd08e25799f4a71,IP_64cb3d6e3a5bef52cd49bb0e870d4343e3f3b3d6a0bea978e9915ae635858023
1762581,r_cname,Domain_6fb68a90f63e5da7824d0c6dfe8a65ef2629f0371facdd0e1cd08e25799f4a71,Domain_bfeb4612d0ade7aff3e0d7280819c1b608836f280c23026fe6a380074c03d6a4
1763958,r_dns_a,Domain_1f99192e623bd71833dff43602c689b0e757250f8a13224fa64473e24ea9e86a,IP_64cb3d6e3a5bef52cd49bb0e870d4343e3f3b3d6a0bea978e9915ae635858023
1764187,r_dns_a,Domain_5524ce31129787ec82d58950b6730e017b9f4daa07eb48ee4ecf012f2890c4a1,IP_64cb3d6e3a5bef52cd49bb0e870d4343e3f3b3d6a0bea978e9915ae635858023
1764288,r_dns_a,Domain_6bbcdcaabd7378cd49ccd0149dfc3fe91d3fd7c64fd241cea17d8c0e061a46dc,IP_64cb3d6e3a5bef52cd49bb0e870d4343e3f3b3d6a0bea978e9915ae635858023
1764300,r_cname,Domain_6bbcdcaabd7378cd49ccd0149dfc3fe91d3fd7c64fd241cea17d8c0e061a46dc,Domain_efc92cd40efbf14496a9419990f9d631276f6b2027ae0c48c6abb8f900824c2d
1765767,r_dns_a,Domain_2616283b7b613d52388c4a40733d8babe4d79a2cab508d04fec92c2ac75aec2a,IP_ca3328ebe3c5bab8530bdbff56928e40b4f5874d43a8765eba8947b55c2fad24
1770787,r_dns_a,Domain_b74bca2d2f1c9e320b8d824ca500b94f4ff674f763c5d7194a01c42dbe8337bd,IP_64cb3d6e3a5bef52cd49bb0e870d4343e3f3b3d6a0bea978e9915ae635858023
1770803,r_cname,Domain_b74bca2d2f1c9e320b8d824ca500b94f4ff674f763c5d7194a01c42dbe8337bd,Domain_ca33e868e64a935f9e9ada939f0a774c14d18d0d4ac810025c34e759558bc947
1776197,r_dns_a,Domain_8fafd55a46952f0cde94a78917404cfebe40cd882640f607eee304b7eb9d0e21,IP_64cb3d6e3a5bef52cd49bb0e870d4343e3f3b3d6a0bea978e9915ae635858023
1776218,r_cname,Domain_8fafd55a46952f0cde94a78917404cfebe40cd882640f607eee304b7eb9d0e21,Domain_ee8d7029c740c22e4b3bdf48ca45d51ff0bd60cf2bd69f4bd7f44db77dfda4b5
1782412,r_dns_a,Domain_a56a2518e47cf09a714f6e5c832ab92ed803f1603c4ede4527003ccf8aacae81,IP_64cb3d6e3a5bef52cd49bb0e870d4343e3f3b3d6a0bea978e9915ae635858023
1782430,r_cname,Domain_a56a2518e47cf09a714f6e5c832ab92ed803f1603c4ede4527003ccf8aacae81,Domain_a97132f546c95e5f091f05e62aa8f5a0f417274e624fe9b2caa51d4eddcf4526
1970932,r_asn,IP_f1828fb74716533602abf2078fb47100468a861706b94fe1e7b4b8aa3755b0cb,ASN_645c789aee7c2ee6923a919af4a10f6876f171e2c8e55fa05547184ea0eccc17
1970951,r_cidr,IP_f1828fb74716533602abf2078fb47100468a861706b94fe1e7b4b8aa3755b0cb,IP_CIDR_60030e5f3544f61ec5a21d830d3801a7304c945a9eb6d906a55c1aff3b2876e4
1970971,r_dns_a,Domain_2f772c57010e5bbecde4a0d6dcc8f36f302c271ff3e3a84678bd7317a108cb4a,IP_f1828fb74716533602abf2078fb47100468a861706b94fe1e7b4b8aa3755b0cb
1970992,r_dns_a,Domain_3ba1f3ad0b3da07fd6b1965b92faea693903022d9e84489f5d74fce2d191bcf7,IP_f1828fb74716533602abf2078fb47100468a861706b94fe1e7b4b8aa3755b0cb
1971008,r_dns_a,Domain_e7ff4c326b5b6a92e6b51feab409bc6e9c0a0da54d827681a804ac80e927fff1,IP_f1828fb74716533602abf2078fb47100468a861706b94fe1e7b4b8aa3755b0cb
1971023,r_dns_a,Domain_5fc8148fb39752ed6cd3475d6debd8e0945ff3f868212ad09798b61f71188e7a,IP_f1828fb74716533602abf2078fb47100468a861706b94fe1e7b4b8aa3755b0cb
1971037,r_dns_a,Domain_e73f031e502e3a779baa572817488757e9cdf338e04b54b41cdcc3a5827a57cb,IP_f1828fb74716533602abf2078fb47100468a861706b94fe1e7b4b8aa3755b0cb
1971059,r_dns_a,Domain_9348554f42328d23c2463c80dfb91153851d729a6cd8b1e51f7767c074b1d001,IP_f1828fb74716533602abf2078fb47100468a861706b94fe1e7b4b8aa3755b0cb
1971078,r_dns_a,Domain_d871474b5f8074e59b359f51c57ea44262652962c3df3cfddc946d68b3263a4c,IP_f1828fb74716533602abf2078fb47100468a861706b94fe1e7b4b8aa3755b0cb
1971096,r_dns_a,Domain_6799e6ddfd3290f784680bdde371ed1ce5676a12ae79df2833cf8f7505cb66cf,IP_f1828fb74716533602abf2078fb47100468a861706b94fe1e7b4b8aa3755b0cb
